Code Domaine,Domaine,Code zone (M49),Zone,Code Élément,Élément,Code Produit (CPC),Produit,Code année,Année,Unité,Valeur,Symbole,Description du Symbole
"FBS","Bilans Alimentaires (2010-)","204","Bénin","664","Disponibilité alimentaire (Kcal/personne/jour)","S2901","Total General","2010","2010","Kcal/personne/jour","2672","E","Valeur estimée"
"FBS","Bilans Alimentaires (2010-)","204","Bénin","664","Disponibilité alimentaire (Kcal/personne/jour)","S2901","Total General","2020","2020","Kcal/personne/jour","2848","E","Valeur estimée"
"FBS","Bilans Alimentaires (2010-)","204","Bénin","664","Disponibilité alimentaire (Kcal/personne/jour)","S2903","Produits Vegetaux","2010","2010","Kcal/personne/jour","2532","E","Valeur estimée"
"FBS","Bilans Alimentaires (2010-)","204","Bénin","664","Disponibilité alimentaire (Kcal/personne/jour)","S2903","Produits Vegetaux","2020","2020","Kcal/personne/jour","2736","E","Valeur estimée"
"FBS","Bilans Alimentaires (2010-)","204","Bénin","664","Disponibilité alimentaire (Kcal/personne/jour)","S2941","Produits Animaux","2010","2010","Kcal/personne/jour","140","E","Valeur estimée"
"FBS","Bilans Alimentaires (2010-)","204","Bénin","664","Disponibilité alimentaire (Kcal/personne/jour)","S2941","Produits Animaux","2020","2020","Kcal/personne/jour","112","E","Valeur estimée"
"FBS","Bilans Alimentaires (2010-)","204","Bénin","664","Disponibilité alimentaire (Kcal/personne/jour)","S2905","Cèrèales - Excl Bière","2010","2010","Kcal/personne/jour","1040","E","Valeur estimée"
"FBS","Bilans Alimentaires (2010-)","204","Bénin","664","Disponibilité alimentaire (Kcal/personne/jour)","S2905","Cèrèales - Excl Bière","2020","2020","Kcal/personne/jour","1092","E","Valeur estimée"
"FBS","Bilans Alimentaires (2010-)","204","Bénin","664","Disponibilité alimentaire (Kcal/personne/jour)","S2907","Racines Amyl","2010","2010","Kcal/personne/jour","780","E","Valeur estimée"
"FBS","Bilans Alimentaires (2010-)","204","Bénin","664","Disponibilité alimentaire (Kcal/personne/jour)","S2907","Racines Amyl","2020","2020","Kcal/personne/jour","772","E","Valeur estimée"
"FBS","Bilans Alimentaires (2010-)","204","Bénin","664","Disponibilité alimentaire (Kcal/personne/jour)","S2909","Sucre & Edulcorants","2010","2010","Kcal/personne/jour","63","E","Valeur estimée"
"FBS","Bilans Alimentaires (2010-)","204","Bénin","664","Disponibilité alimentaire (Kcal/personne/jour)","S2909","Sucre & Edulcorants","2020","2020","Kcal/personne/jour","106","E","Valeur estimée"
"FBS","Bilans Alimentaires (2010-)","204","Bénin","664","Disponibilité alimentaire (Kcal/personne/jour)","S2911","Légumineuses Sèches","2010","2010","Kcal/personne/jour","88","E","Valeur estimée"
"FBS","Bilans Alimentaires (2010-)","204","Bénin","664","Disponibilité alimentaire (Kcal/personne/jour)","S2911","Légumineuses Sèches","2020","2020","Kcal/personne/jour","94","E","Valeur estimée"
"FBS","Bilans Alimentaires (2010-)","204","Bénin","664","Disponibilité alimentaire (Kcal/personne/jour)","S2912","Fruit Coque","2010","2010","Kcal/personne/jour","39","E","Valeur estimée"
"FBS","Bilans Alimentaires (2010-)","204","Bénin","664","Disponibilité alimentaire (Kcal/personne/jour)","S2912","Fruit Coque","2020","2020","Kcal/personne/jour","15","E","Valeur estimée"
"FBS","Bilans Alimentaires (2010-)","204","Bénin","664","Disponibilité alimentaire (Kcal/personne/jour)","S2913","Cultures Oleágineuses","2010","2010","Kcal/personne/jour","121","E","Valeur estimée"
"FBS","Bilans Alimentaires (2010-)","204","Bénin","664","Disponibilité alimentaire (Kcal/personne/jour)","S2913","Cultures Oleágineuses","2020","2020","Kcal/personne/jour","80","E","Valeur estimée"
"FBS","Bilans Alimentaires (2010-)","204","Bénin","664","Disponibilité alimentaire (Kcal/personne/jour)","S2914","Huiles végétales","2010","2010","Kcal/personne/jour","158","E","Valeur estimée"
"FBS","Bilans Alimentaires (2010-)","204","Bénin","664","Disponibilité alimentaire (Kcal/personne/jour)","S2914","Huiles végétales","2020","2020","Kcal/personne/jour","322","E","Valeur estimée"
"FBS","Bilans Alimentaires (2010-)","204","Bénin","664","Disponibilité alimentaire (Kcal/personne/jour)","S2918","Légumes","2010","2010","Kcal/personne/jour","24","E","Valeur estimée"
"FBS","Bilans Alimentaires (2010-)","204","Bénin","664","Disponibilité alimentaire (Kcal/personne/jour)","S2918","Légumes","2020","2020","Kcal/personne/jour","41","E","Valeur estimée"
"FBS","Bilans Alimentaires (2010-)","204","Bénin","664","Disponibilité alimentaire (Kcal/personne/jour)","S2919","Fruits - Excl Vin","2010","2010","Kcal/personne/jour","47","E","Valeur estimée"
"FBS","Bilans Alimentaires (2010-)","204","Bénin","664","Disponibilité alimentaire (Kcal/personne/jour)","S2919","Fruits - Excl Vin","2020","2020","Kcal/personne/jour","45","E","Valeur estimée"
"FBS","Bilans Alimentaires (2010-)","204","Bénin","664","Disponibilité alimentaire (Kcal/personne/jour)","S2922","Stimulants","2010","2010","Kcal/personne/jour","2","E","Valeur estimée"
"FBS","Bilans Alimentaires (2010-)","204","Bénin","664","Disponibilité alimentaire (Kcal/personne/jour)","S2922","Stimulants","2020","2020","Kcal/personne/jour","1","E","Valeur estimée"
"FBS","Bilans Alimentaires (2010-)","204","Bénin","664","Disponibilité alimentaire (Kcal/personne/jour)","S2923","Épices","2010","2010","Kcal/personne/jour","52","E","Valeur estimée"
"FBS","Bilans Alimentaires (2010-)","204","Bénin","664","Disponibilité alimentaire (Kcal/personne/jour)","S2923","Épices","2020","2020","Kcal/personne/jour","73","E","Valeur estimée"
"FBS","Bilans Alimentaires (2010-)","204","Bénin","664","Disponibilité alimentaire (Kcal/personne/jour)","S2924","Boissons Alcooliques","2010","2010","Kcal/personne/jour","115","E","Valeur estimée"
"FBS","Bilans Alimentaires (2010-)","204","Bénin","664","Disponibilité alimentaire (Kcal/personne/jour)","S2924","Boissons Alcooliques","2020","2020","Kcal/personne/jour","93","E","Valeur estimée"
"FBS","Bilans Alimentaires (2010-)","204","Bénin","664","Disponibilité alimentaire (Kcal/personne/jour)","S2943","Viande","2010","2010","Kcal/personne/jour","75","E","Valeur estimée"
"FBS","Bilans Alimentaires (2010-)","204","Bénin","664","Disponibilité alimentaire (Kcal/personne/jour)","S2943","Viande","2020","2020","Kcal/personne/jour","53","E","Valeur estimée"
"FBS","Bilans Alimentaires (2010-)","204","Bénin","664","Disponibilité alimentaire (Kcal/personne/jour)","S2945","Abats","2010","2010","Kcal/personne/jour","3","E","Valeur estimée"
"FBS","Bilans Alimentaires (2010-)","204","Bénin","664","Disponibilité alimentaire (Kcal/personne/jour)","S2945","Abats","2020","2020","Kcal/personne/jour","3","E","Valeur estimée"
"FBS","Bilans Alimentaires (2010-)","204","Bénin","664","Disponibilité alimentaire (Kcal/personne/jour)","S2946","Graisses animales","2010","2010","Kcal/personne/jour","5","E","Valeur estimée"
"FBS","Bilans Alimentaires (2010-)","204","Bénin","664","Disponibilité alimentaire (Kcal/personne/jour)","S2946","Graisses animales","2020","2020","Kcal/personne/jour","5","E","Valeur estimée"
"FBS","Bilans Alimentaires (2010-)","204","Bénin","664","Disponibilité alimentaire (Kcal/personne/jour)","S2949","Oeufs","2010","2010","Kcal/personne/jour","3","E","Valeur estimée"
"FBS","Bilans Alimentaires (2010-)","204","Bénin","664","Disponibilité alimentaire (Kcal/personne/jour)","S2949","Oeufs","2020","2020","Kcal/personne/jour","3","E","Valeur estimée"
"FBS","Bilans Alimentaires (2010-)","204","Bénin","664","Disponibilité alimentaire (Kcal/personne/jour)","S2948","Lait - Excl Beurre","2010","2010","Kcal/personne/jour","32","E","Valeur estimée"
"FBS","Bilans Alimentaires (2010-)","204","Bénin","664","Disponibilité alimentaire (Kcal/personne/jour)","S2948","Lait - Excl Beurre","2020","2020","Kcal/personne/jour","22","E","Valeur estimée"
"FBS","Bilans Alimentaires (2010-)","204","Bénin","664","Disponibilité alimentaire (Kcal/personne/jour)","S2960","Poisson & Fruits de Mer","2010","2010","Kcal/personne/jour","24","E","Valeur estimée"
"FBS","Bilans Alimentaires (2010-)","204","Bénin","664","Disponibilité alimentaire (Kcal/personne/jour)","S2960","Poisson & Fruits de Mer","2020","2020","Kcal/personne/jour","27","E","Valeur estimée"
"FBS","Bilans Alimentaires (2010-)","204","Bénin","664","Disponibilité alimentaire (Kcal/personne/jour)","S2961","Produits Aquatiques, Aut","2010","2010","Kcal/personne/jour","0","E","Valeur estimée"
"FBS","Bilans Alimentaires (2010-)","204","Bénin","664","Disponibilité alimentaire (Kcal/personne/jour)","S2961","Produits Aquatiques, Aut","2020","2020","Kcal/personne/jour","0","E","Valeur estimée"
"FBS","Bilans Alimentaires (2010-)","204","Bénin","664","Disponibilité alimentaire (Kcal/personne/jour)","S2928","Miscellanees","2010","2010","Kcal/personne/jour","3","E","Valeur estimée"
"FBS","Bilans Alimentaires (2010-)","204","Bénin","664","Disponibilité alimentaire (Kcal/personne/jour)","S2928","Miscellanees","2020","2020","Kcal/personne/jour","2","E","Valeur estimée"
"FBS","Bilans Alimentaires (2010-)","014","Afrique orientale","664","Disponibilité alimentaire (Kcal/personne/jour)","S2901","Total General","2010","2010","Kcal/personne/jour","2232","E","Valeur estimée"
"FBS","Bilans Alimentaires (2010-)","014","Afrique orientale","664","Disponibilité alimentaire (Kcal/personne/jour)","S2901","Total General","2020","2020","Kcal/personne/jour","2255","E","Valeur estimée"
"FBS","Bilans Alimentaires (2010-)","014","Afrique orientale","664","Disponibilité alimentaire (Kcal/personne/jour)","S2903","Produits Vegetaux","2010","2010","Kcal/personne/jour","2060","E","Valeur estimée"
"FBS","Bilans Alimentaires (2010-)","014","Afrique orientale","664","Disponibilité alimentaire (Kcal/personne/jour)","S2903","Produits Vegetaux","2020","2020","Kcal/personne/jour","2091","E","Valeur estimée"
"FBS","Bilans Alimentaires (2010-)","014","Afrique orientale","664","Disponibilité alimentaire (Kcal/personne/jour)","S2941","Produits Animaux","2010","2010","Kcal/personne/jour","172","E","Valeur estimée"
"FBS","Bilans Alimentaires (2010-)","014","Afrique orientale","664","Disponibilité alimentaire (Kcal/personne/jour)","S2941","Produits Animaux","2020","2020","Kcal/personne/jour","165","E","Valeur estimée"
"FBS","Bilans Alimentaires (2010-)","014","Afrique orientale","664","Disponibilité alimentaire (Kcal/personne/jour)","S2905","Cèrèales - Excl Bière","2010","2010","Kcal/personne/jour","1179","E","Valeur estimée"
"FBS","Bilans Alimentaires (2010-)","014","Afrique orientale","664","Disponibilité alimentaire (Kcal/personne/jour)","S2905","Cèrèales - Excl Bière","2020","2020","Kcal/personne/jour","1178","E","Valeur estimée"
"FBS","Bilans Alimentaires (2010-)","014","Afrique orientale","664","Disponibilité alimentaire (Kcal/personne/jour)","S2907","Racines Amyl","2010","2010","Kcal/personne/jour","272","E","Valeur estimée"
"FBS","Bilans Alimentaires (2010-)","014","Afrique orientale","664","Disponibilité alimentaire (Kcal/personne/jour)","S2907","Racines Amyl","2020","2020","Kcal/personne/jour","261","E","Valeur estimée"
"FBS","Bilans Alimentaires (2010-)","014","Afrique orientale","664","Disponibilité alimentaire (Kcal/personne/jour)","S2908","Cultures Sucrieres","2010","2010","Kcal/personne/jour","3","E","Valeur estimée"
"FBS","Bilans Alimentaires (2010-)","014","Afrique orientale","664","Disponibilité alimentaire (Kcal/personne/jour)","S2908","Cultures Sucrieres","2020","2020","Kcal/personne/jour","5","E","Valeur estimée"
"FBS","Bilans Alimentaires (2010-)","014","Afrique orientale","664","Disponibilité alimentaire (Kcal/personne/jour)","S2909","Sucre & Edulcorants","2010","2010","Kcal/personne/jour","100","E","Valeur estimée"
"FBS","Bilans Alimentaires (2010-)","014","Afrique orientale","664","Disponibilité alimentaire (Kcal/personne/jour)","S2909","Sucre & Edulcorants","2020","2020","Kcal/personne/jour","102","E","Valeur estimée"
"FBS","Bilans Alimentaires (2010-)","014","Afrique orientale","664","Disponibilité alimentaire (Kcal/personne/jour)","S2911","Légumineuses Sèches","2010","2010","Kcal/personne/jour","159","E","Valeur estimée"
"FBS","Bilans Alimentaires (2010-)","014","Afrique orientale","664","Disponibilité alimentaire (Kcal/personne/jour)","S2911","Légumineuses Sèches","2020","2020","Kcal/personne/jour","155","E","Valeur estimée"
"FBS","Bilans Alimentaires (2010-)","014","Afrique orientale","664","Disponibilité alimentaire (Kcal/personne/jour)","S2912","Fruit Coque","2010","2010","Kcal/personne/jour","4","E","Valeur estimée"
"FBS","Bilans Alimentaires (2010-)","014","Afrique orientale","664","Disponibilité alimentaire (Kcal/personne/jour)","S2912","Fruit Coque","2020","2020","Kcal/personne/jour","3","E","Valeur estimée"
"FBS","Bilans Alimentaires (2010-)","014","Afrique orientale","664","Disponibilité alimentaire (Kcal/personne/jour)","S2913","Cultures Oleágineuses","2010","2010","Kcal/personne/jour","45","E","Valeur estimée"
"FBS","Bilans Alimentaires (2010-)","014","Afrique orientale","664","Disponibilité alimentaire (Kcal/personne/jour)","S2913","Cultures Oleágineuses","2020","2020","Kcal/personne/jour","42","E","Valeur estimée"
"FBS","Bilans Alimentaires (2010-)","014","Afrique orientale","664","Disponibilité alimentaire (Kcal/personne/jour)","S2914","Huiles végétales","2010","2010","Kcal/personne/jour","135","E","Valeur estimée"
"FBS","Bilans Alimentaires (2010-)","014","Afrique orientale","664","Disponibilité alimentaire (Kcal/personne/jour)","S2914","Huiles végétales","2020","2020","Kcal/personne/jour","155","E","Valeur estimée"
"FBS","Bilans Alimentaires (2010-)","014","Afrique orientale","664","Disponibilité alimentaire (Kcal/personne/jour)","S2918","Légumes","2010","2010","Kcal/personne/jour","21","E","Valeur estimée"
"FBS","Bilans Alimentaires (2010-)","014","Afrique orientale","664","Disponibilité alimentaire (Kcal/personne/jour)","S2918","Légumes","2020","2020","Kcal/personne/jour","23","E","Valeur estimée"
"FBS","Bilans Alimentaires (2010-)","014","Afrique orientale","664","Disponibilité alimentaire (Kcal/personne/jour)","S2919","Fruits - Excl Vin","2010","2010","Kcal/personne/jour","95","E","Valeur estimée"
"FBS","Bilans Alimentaires (2010-)","014","Afrique orientale","664","Disponibilité alimentaire (Kcal/personne/jour)","S2919","Fruits - Excl Vin","2020","2020","Kcal/personne/jour","116","E","Valeur estimée"
"FBS","Bilans Alimentaires (2010-)","014","Afrique orientale","664","Disponibilité alimentaire (Kcal/personne/jour)","S2922","Stimulants","2010","2010","Kcal/personne/jour","2","E","Valeur estimée"
"FBS","Bilans Alimentaires (2010-)","014","Afrique orientale","664","Disponibilité alimentaire (Kcal/personne/jour)","S2922","Stimulants","2020","2020","Kcal/personne/jour","2","E","Valeur estimée"
"FBS","Bilans Alimentaires (2010-)","014","Afrique orientale","664","Disponibilité alimentaire (Kcal/personne/jour)","S2923","Épices","2010","2010","Kcal/personne/jour","11","E","Valeur estimée"
"FBS","Bilans Alimentaires (2010-)","014","Afrique orientale","664","Disponibilité alimentaire (Kcal/personne/jour)","S2923","Épices","2020","2020","Kcal/personne/jour","13","E","Valeur estimée"
"FBS","Bilans Alimentaires (2010-)","014","Afrique orientale","664","Disponibilité alimentaire (Kcal/personne/jour)","S2924","Boissons Alcooliques","2010","2010","Kcal/personne/jour","34","E","Valeur estimée"
"FBS","Bilans Alimentaires (2010-)","014","Afrique orientale","664","Disponibilité alimentaire (Kcal/personne/jour)","S2924","Boissons Alcooliques","2020","2020","Kcal/personne/jour","35","E","Valeur estimée"
"FBS","Bilans Alimentaires (2010-)","014","Afrique orientale","664","Disponibilité alimentaire (Kcal/personne/jour)","S2943","Viande","2010","2010","Kcal/personne/jour","71","E","Valeur estimée"
"FBS","Bilans Alimentaires (2010-)","014","Afrique orientale","664","Disponibilité alimentaire (Kcal/personne/jour)","S2943","Viande","2020","2020","Kcal/personne/jour","64","E","Valeur estimée"
"FBS","Bilans Alimentaires (2010-)","014","Afrique orientale","664","Disponibilité alimentaire (Kcal/personne/jour)","S2945","Abats","2010","2010","Kcal/personne/jour","4","E","Valeur estimée"
"FBS","Bilans Alimentaires (2010-)","014","Afrique orientale","664","Disponibilité alimentaire (Kcal/personne/jour)","S2945","Abats","2020","2020","Kcal/personne/jour","4","E","Valeur estimée"
"FBS","Bilans Alimentaires (2010-)","014","Afrique orientale","664","Disponibilité alimentaire (Kcal/personne/jour)","S2946","Graisses animales","2010","2010","Kcal/personne/jour","14","E","Valeur estimée"
"FBS","Bilans Alimentaires (2010-)","014","Afrique orientale","664","Disponibilité alimentaire (Kcal/personne/jour)","S2946","Graisses animales","2020","2020","Kcal/personne/jour","12","E","Valeur estimée"
"FBS","Bilans Alimentaires (2010-)","014","Afrique orientale","664","Disponibilité alimentaire (Kcal/personne/jour)","S2949","Oeufs","2010","2010","Kcal/personne/jour","4","E","Valeur estimée"
"FBS","Bilans Alimentaires (2010-)","014","Afrique orientale","664","Disponibilité alimentaire (Kcal/personne/jour)","S2949","Oeufs","2020","2020","Kcal/personne/jour","3","E","Valeur estimée"
"FBS","Bilans Alimentaires (2010-)","014","Afrique orientale","664","Disponibilité alimentaire (Kcal/personne/jour)","S2948","Lait - Excl Beurre","2010","2010","Kcal/personne/jour","70","E","Valeur estimée"
"FBS","Bilans Alimentaires (2010-)","014","Afrique orientale","664","Disponibilité alimentaire (Kcal/personne/jour)","S2948","Lait - Excl Beurre","2020","2020","Kcal/personne/jour","71","E","Valeur estimée"
"FBS","Bilans Alimentaires (2010-)","014","Afrique orientale","664","Disponibilité alimentaire (Kcal/personne/jour)","S2960","Poisson & Fruits de Mer","2010","2010","Kcal/personne/jour","9","E","Valeur estimée"
"FBS","Bilans Alimentaires (2010-)","014","Afrique orientale","664","Disponibilité alimentaire (Kcal/personne/jour)","S2960","Poisson & Fruits de Mer","2020","2020","Kcal/personne/jour","11","E","Valeur estimée"
"FBS","Bilans Alimentaires (2010-)","014","Afrique orientale","664","Disponibilité alimentaire (Kcal/personne/jour)","S2961","Produits Aquatiques, Aut","2010","2010","Kcal/personne/jour","0","E","Valeur estimée"
"FBS","Bilans Alimentaires (2010-)","014","Afrique orientale","664","Disponibilité alimentaire (Kcal/personne/jour)","S2961","Produits Aquatiques, Aut","2020","2020","Kcal/personne/jour","0","E","Valeur estimée"
"FBS","Bilans Alimentaires (2010-)","014","Afrique orientale","664","Disponibilité alimentaire (Kcal/personne/jour)","S2928","Miscellanees","2010","2010","Kcal/personne/jour","1","E","Valeur estimée"
"FBS","Bilans Alimentaires (2010-)","014","Afrique orientale","664","Disponibilité alimentaire (Kcal/personne/jour)","S2928","Miscellanees","2020","2020","Kcal/personne/jour","1","E","Valeur estimée"
"FBS","Bilans Alimentaires (2010-)","017","Afrique centrale","664","Disponibilité alimentaire (Kcal/personne/jour)","S2901","Total General","2010","2010","Kcal/personne/jour","2296","E","Valeur estimée"
"FBS","Bilans Alimentaires (2010-)","017","Afrique centrale","664","Disponibilité alimentaire (Kcal/personne/jour)","S2901","Total General","2020","2020","Kcal/personne/jour","2258","E","Valeur estimée"
"FBS","Bilans Alimentaires (2010-)","017","Afrique centrale","664","Disponibilité alimentaire (Kcal/personne/jour)","S2903","Produits Vegetaux","2010","2010","Kcal/personne/jour","2181","E","Valeur estimée"
"FBS","Bilans Alimentaires (2010-)","017","Afrique centrale","664","Disponibilité alimentaire (Kcal/personne/jour)","S2903","Produits Vegetaux","2020","2020","Kcal/personne/jour","2145","E","Valeur estimée"
"FBS","Bilans Alimentaires (2010-)","017","Afrique centrale","664","Disponibilité alimentaire (Kcal/personne/jour)","S2941","Produits Animaux","2010","2010","Kcal/personne/jour","114","E","Valeur estimée"
"FBS","Bilans Alimentaires (2010-)","017","Afrique centrale","664","Disponibilité alimentaire (Kcal/personne/jour)","S2941","Produits Animaux","2020","2020","Kcal/personne/jour","113","E","Valeur estimée"
"FBS","Bilans Alimentaires (2010-)","017","Afrique centrale","664","Disponibilité alimentaire (Kcal/personne/jour)","S2905","Cèrèales - Excl Bière","2010","2010","Kcal/personne/jour","622","E","Valeur estimée"
"FBS","Bilans Alimentaires (2010-)","017","Afrique centrale","664","Disponibilité alimentaire (Kcal/personne/jour)","S2905","Cèrèales - Excl Bière","2020","2020","Kcal/personne/jour","633","E","Valeur estimée"
"FBS","Bilans Alimentaires (2010-)","017","Afrique centrale","664","Disponibilité alimentaire (Kcal/personne/jour)","S2907","Racines Amyl","2010","2010","Kcal/personne/jour","964","E","Valeur estimée"
"FBS","Bilans Alimentaires (2010-)","017","Afrique centrale","664","Disponibilité alimentaire (Kcal/personne/jour)","S2907","Racines Amyl","2020","2020","Kcal/personne/jour","919","E","Valeur estimée"
"FBS","Bilans Alimentaires (2010-)","017","Afrique centrale","664","Disponibilité alimentaire (Kcal/personne/jour)","S2908","Cultures Sucrieres","2010","2010","Kcal/personne/jour","4","E","Valeur estimée"
"FBS","Bilans Alimentaires (2010-)","017","Afrique centrale","664","Disponibilité alimentaire (Kcal/personne/jour)","S2908","Cultures Sucrieres","2020","2020","Kcal/personne/jour","4","E","Valeur estimée"
"FBS","Bilans Alimentaires (2010-)","017","Afrique centrale","664","Disponibilité alimentaire (Kcal/personne/jour)","S2909","Sucre & Edulcorants","2010","2010","Kcal/personne/jour","71","E","Valeur estimée"
"FBS","Bilans Alimentaires (2010-)","017","Afrique centrale","664","Disponibilité alimentaire (Kcal/personne/jour)","S2909","Sucre & Edulcorants","2020","2020","Kcal/personne/jour","72","E","Valeur estimée"
"FBS","Bilans Alimentaires (2010-)","017","Afrique centrale","664","Disponibilité alimentaire (Kcal/personne/jour)","S2911","Légumineuses Sèches","2010","2010","Kcal/personne/jour","70","E","Valeur estimée"
"FBS","Bilans Alimentaires (2010-)","017","Afrique centrale","664","Disponibilité alimentaire (Kcal/personne/jour)","S2911","Légumineuses Sèches","2020","2020","Kcal/personne/jour","70","E","Valeur estimée"
"FBS","Bilans Alimentaires (2010-)","017","Afrique centrale","664","Disponibilité alimentaire (Kcal/personne/jour)","S2912","Fruit Coque","2010","2010","Kcal/personne/jour","3","E","Valeur estimée"
"FBS","Bilans Alimentaires (2010-)","017","Afrique centrale","664","Disponibilité alimentaire (Kcal/personne/jour)","S2912","Fruit Coque","2020","2020","Kcal/personne/jour","2","E","Valeur estimée"
"FBS","Bilans Alimentaires (2010-)","017","Afrique centrale","664","Disponibilité alimentaire (Kcal/personne/jour)","S2913","Cultures Oleágineuses","2010","2010","Kcal/personne/jour","90","E","Valeur estimée"
"FBS","Bilans Alimentaires (2010-)","017","Afrique centrale","664","Disponibilité alimentaire (Kcal/personne/jour)","S2913","Cultures Oleágineuses","2020","2020","Kcal/personne/jour","75","E","Valeur estimée"
"FBS","Bilans Alimentaires (2010-)","017","Afrique centrale","664","Disponibilité alimentaire (Kcal/personne/jour)","S2914","Huiles végétales","2010","2010","Kcal/personne/jour","173","E","Valeur estimée"
"FBS","Bilans Alimentaires (2010-)","017","Afrique centrale","664","Disponibilité alimentaire (Kcal/personne/jour)","S2914","Huiles végétales","2020","2020","Kcal/personne/jour","174","E","Valeur estimée"
"FBS","Bilans Alimentaires (2010-)","017","Afrique centrale","664","Disponibilité alimentaire (Kcal/personne/jour)","S2918","Légumes","2010","2010","Kcal/personne/jour","23","E","Valeur estimée"
"FBS","Bilans Alimentaires (2010-)","017","Afrique centrale","664","Disponibilité alimentaire (Kcal/personne/jour)","S2918","Légumes","2020","2020","Kcal/personne/jour","21","E","Valeur estimée"
"FBS","Bilans Alimentaires (2010-)","017","Afrique centrale","664","Disponibilité alimentaire (Kcal/personne/jour)","S2919","Fruits - Excl Vin","2010","2010","Kcal/personne/jour","109","E","Valeur estimée"
"FBS","Bilans Alimentaires (2010-)","017","Afrique centrale","664","Disponibilité alimentaire (Kcal/personne/jour)","S2919","Fruits - Excl Vin","2020","2020","Kcal/personne/jour","127","E","Valeur estimée"
"FBS","Bilans Alimentaires (2010-)","017","Afrique centrale","664","Disponibilité alimentaire (Kcal/personne/jour)","S2922","Stimulants","2010","2010","Kcal/personne/jour","3","E","Valeur estimée"
"FBS","Bilans Alimentaires (2010-)","017","Afrique centrale","664","Disponibilité alimentaire (Kcal/personne/jour)","S2922","Stimulants","2020","2020","Kcal/personne/jour","2","E","Valeur estimée"
"FBS","Bilans Alimentaires (2010-)","017","Afrique centrale","664","Disponibilité alimentaire (Kcal/personne/jour)","S2923","Épices","2010","2010","Kcal/personne/jour","5","E","Valeur estimée"
"FBS","Bilans Alimentaires (2010-)","017","Afrique centrale","664","Disponibilité alimentaire (Kcal/personne/jour)","S2923","Épices","2020","2020","Kcal/personne/jour","5","E","Valeur estimée"
"FBS","Bilans Alimentaires (2010-)","017","Afrique centrale","664","Disponibilité alimentaire (Kcal/personne/jour)","S2924","Boissons Alcooliques","2010","2010","Kcal/personne/jour","43","E","Valeur estimée"
"FBS","Bilans Alimentaires (2010-)","017","Afrique centrale","664","Disponibilité alimentaire (Kcal/personne/jour)","S2924","Boissons Alcooliques","2020","2020","Kcal/personne/jour","39","E","Valeur estimée"
"FBS","Bilans Alimentaires (2010-)","017","Afrique centrale","664","Disponibilité alimentaire (Kcal/personne/jour)","S2943","Viande","2010","2010","Kcal/personne/jour","67","E","Valeur estimée"
"FBS","Bilans Alimentaires (2010-)","017","Afrique centrale","664","Disponibilité alimentaire (Kcal/personne/jour)","S2943","Viande","2020","2020","Kcal/personne/jour","70","E","Valeur estimée"
"FBS","Bilans Alimentaires (2010-)","017","Afrique centrale","664","Disponibilité alimentaire (Kcal/personne/jour)","S2945","Abats","2010","2010","Kcal/personne/jour","4","E","Valeur estimée"
"FBS","Bilans Alimentaires (2010-)","017","Afrique centrale","664","Disponibilité alimentaire (Kcal/personne/jour)","S2945","Abats","2020","2020","Kcal/personne/jour","6","E","Valeur estimée"
"FBS","Bilans Alimentaires (2010-)","017","Afrique centrale","664","Disponibilité alimentaire (Kcal/personne/jour)","S2946","Graisses animales","2010","2010","Kcal/personne/jour","9","E","Valeur estimée"
"FBS","Bilans Alimentaires (2010-)","017","Afrique centrale","664","Disponibilité alimentaire (Kcal/personne/jour)","S2946","Graisses animales","2020","2020","Kcal/personne/jour","7","E","Valeur estimée"
"FBS","Bilans Alimentaires (2010-)","017","Afrique centrale","664","Disponibilité alimentaire (Kcal/personne/jour)","S2949","Oeufs","2010","2010","Kcal/personne/jour","2","E","Valeur estimée"
"FBS","Bilans Alimentaires (2010-)","017","Afrique centrale","664","Disponibilité alimentaire (Kcal/personne/jour)","S2949","Oeufs","2020","2020","Kcal/personne/jour","1","E","Valeur estimée"
"FBS","Bilans Alimentaires (2010-)","017","Afrique centrale","664","Disponibilité alimentaire (Kcal/personne/jour)","S2948","Lait - Excl Beurre","2010","2010","Kcal/personne/jour","14","E","Valeur estimée"
"FBS","Bilans Alimentaires (2010-)","017","Afrique centrale","664","Disponibilité alimentaire (Kcal/personne/jour)","S2948","Lait - Excl Beurre","2020","2020","Kcal/personne/jour","12","E","Valeur estimée"
"FBS","Bilans Alimentaires (2010-)","017","Afrique centrale","664","Disponibilité alimentaire (Kcal/personne/jour)","S2960","Poisson & Fruits de Mer","2010","2010","Kcal/personne/jour","19","E","Valeur estimée"
"FBS","Bilans Alimentaires (2010-)","017","Afrique centrale","664","Disponibilité alimentaire (Kcal/personne/jour)","S2960","Poisson & Fruits de Mer","2020","2020","Kcal/personne/jour","17","E","Valeur estimée"
"FBS","Bilans Alimentaires (2010-)","017","Afrique centrale","664","Disponibilité alimentaire (Kcal/personne/jour)","S2961","Produits Aquatiques, Aut","2010","2010","Kcal/personne/jour","0","E","Valeur estimée"
"FBS","Bilans Alimentaires (2010-)","017","Afrique centrale","664","Disponibilité alimentaire (Kcal/personne/jour)","S2961","Produits Aquatiques, Aut","2020","2020","Kcal/personne/jour","0","E","Valeur estimée"
"FBS","Bilans Alimentaires (2010-)","017","Afrique centrale","664","Disponibilité alimentaire (Kcal/personne/jour)","S2928","Miscellanees","2010","2010","Kcal/personne/jour","2","E","Valeur estimée"
"FBS","Bilans Alimentaires (2010-)","017","Afrique centrale","664","Disponibilité alimentaire (Kcal/personne/jour)","S2928","Miscellanees","2020","2020","Kcal/personne/jour","1","E","Valeur estimée"
"FBS","Bilans Alimentaires (2010-)","015","Afrique septentrionale","664","Disponibilité alimentaire (Kcal/personne/jour)","S2901","Total General","2010","2010","Kcal/personne/jour","3375","E","Valeur estimée"
"FBS","Bilans Alimentaires (2010-)","015","Afrique septentrionale","664","Disponibilité alimentaire (Kcal/personne/jour)","S2901","Total General","2020","2020","Kcal/personne/jour","3236","E","Valeur estimée"
"FBS","Bilans Alimentaires (2010-)","015","Afrique septentrionale","664","Disponibilité alimentaire (Kcal/personne/jour)","S2903","Produits Vegetaux","2010","2010","Kcal/personne/jour","3049","E","Valeur estimée"
"FBS","Bilans Alimentaires (2010-)","015","Afrique septentrionale","664","Disponibilité alimentaire (Kcal/personne/jour)","S2903","Produits Vegetaux","2020","2020","Kcal/personne/jour","2911","E","Valeur estimée"
"FBS","Bilans Alimentaires (2010-)","015","Afrique septentrionale","664","Disponibilité alimentaire (Kcal/personne/jour)","S2941","Produits Animaux","2010","2010","Kcal/personne/jour","326","E","Valeur estimée"
"FBS","Bilans Alimentaires (2010-)","015","Afrique septentrionale","664","Disponibilité alimentaire (Kcal/personne/jour)","S2941","Produits Animaux","2020","2020","Kcal/personne/jour","325","E","Valeur estimée"
"FBS","Bilans Alimentaires (2010-)","015","Afrique septentrionale","664","Disponibilité alimentaire (Kcal/personne/jour)","S2905","Cèrèales - Excl Bière","2010","2010","Kcal/personne/jour","1961","E","Valeur estimée"
"FBS","Bilans Alimentaires (2010-)","015","Afrique septentrionale","664","Disponibilité alimentaire (Kcal/personne/jour)","S2905","Cèrèales - Excl Bière","2020","2020","Kcal/personne/jour","1819","E","Valeur estimée"
"FBS","Bilans Alimentaires (2010-)","015","Afrique septentrionale","664","Disponibilité alimentaire (Kcal/personne/jour)","S2907","Racines Amyl","2010","2010","Kcal/personne/jour","85","E","Valeur estimée"
"FBS","Bilans Alimentaires (2010-)","015","Afrique septentrionale","664","Disponibilité alimentaire (Kcal/personne/jour)","S2907","Racines Amyl","2020","2020","Kcal/personne/jour","73","E","Valeur estimée"
"FBS","Bilans Alimentaires (2010-)","015","Afrique septentrionale","664","Disponibilité alimentaire (Kcal/personne/jour)","S2908","Cultures Sucrieres","2010","2010","Kcal/personne/jour","14","E","Valeur estimée"
"FBS","Bilans Alimentaires (2010-)","015","Afrique septentrionale","664","Disponibilité alimentaire (Kcal/personne/jour)","S2908","Cultures Sucrieres","2020","2020","Kcal/personne/jour","12","E","Valeur estimée"
"FBS","Bilans Alimentaires (2010-)","015","Afrique septentrionale","664","Disponibilité alimentaire (Kcal/personne/jour)","S2909","Sucre & Edulcorants","2010","2010","Kcal/personne/jour","293","E","Valeur estimée"
"FBS","Bilans Alimentaires (2010-)","015","Afrique septentrionale","664","Disponibilité alimentaire (Kcal/personne/jour)","S2909","Sucre & Edulcorants","2020","2020","Kcal/personne/jour","292","E","Valeur estimée"
"FBS","Bilans Alimentaires (2010-)","015","Afrique septentrionale","664","Disponibilité alimentaire (Kcal/personne/jour)","S2911","Légumineuses Sèches","2010","2010","Kcal/personne/jour","70","E","Valeur estimée"
"FBS","Bilans Alimentaires (2010-)","015","Afrique septentrionale","664","Disponibilité alimentaire (Kcal/personne/jour)","S2911","Légumineuses Sèches","2020","2020","Kcal/personne/jour","56","E","Valeur estimée"
"FBS","Bilans Alimentaires (2010-)","015","Afrique septentrionale","664","Disponibilité alimentaire (Kcal/personne/jour)","S2912","Fruit Coque","2010","2010","Kcal/personne/jour","14","E","Valeur estimée"
"FBS","Bilans Alimentaires (2010-)","015","Afrique septentrionale","664","Disponibilité alimentaire (Kcal/personne/jour)","S2912","Fruit Coque","2020","2020","Kcal/personne/jour","13","E","Valeur estimée"
"FBS","Bilans Alimentaires (2010-)","015","Afrique septentrionale","664","Disponibilité alimentaire (Kcal/personne/jour)","S2913","Cultures Oleágineuses","2010","2010","Kcal/personne/jour","32","E","Valeur estimée"
"FBS","Bilans Alimentaires (2010-)","015","Afrique septentrionale","664","Disponibilité alimentaire (Kcal/personne/jour)","S2913","Cultures Oleágineuses","2020","2020","Kcal/personne/jour","50","E","Valeur estimée"
"FBS","Bilans Alimentaires (2010-)","015","Afrique septentrionale","664","Disponibilité alimentaire (Kcal/personne/jour)","S2914","Huiles végétales","2010","2010","Kcal/personne/jour","281","E","Valeur estimée"
"FBS","Bilans Alimentaires (2010-)","015","Afrique septentrionale","664","Disponibilité alimentaire (Kcal/personne/jour)","S2914","Huiles végétales","2020","2020","Kcal/personne/jour","313","E","Valeur estimée"
"FBS","Bilans Alimentaires (2010-)","015","Afrique septentrionale","664","Disponibilité alimentaire (Kcal/personne/jour)","S2918","Légumes","2010","2010","Kcal/personne/jour","120","E","Valeur estimée"
"FBS","Bilans Alimentaires (2010-)","015","Afrique septentrionale","664","Disponibilité alimentaire (Kcal/personne/jour)","S2918","Légumes","2020","2020","Kcal/personne/jour","105","E","Valeur estimée"
"FBS","Bilans Alimentaires (2010-)","015","Afrique septentrionale","664","Disponibilité alimentaire (Kcal/personne/jour)","S2919","Fruits - Excl Vin","2010","2010","Kcal/personne/jour","155","E","Valeur estimée"
"FBS","Bilans Alimentaires (2010-)","015","Afrique septentrionale","664","Disponibilité alimentaire (Kcal/personne/jour)","S2919","Fruits - Excl Vin","2020","2020","Kcal/personne/jour","157","E","Valeur estimée"
"FBS","Bilans Alimentaires (2010-)","015","Afrique septentrionale","664","Disponibilité alimentaire (Kcal/personne/jour)","S2922","Stimulants","2010","2010","Kcal/personne/jour","6","E","Valeur estimée"
"FBS","Bilans Alimentaires (2010-)","015","Afrique septentrionale","664","Disponibilité alimentaire (Kcal/personne/jour)","S2922","Stimulants","2020","2020","Kcal/personne/jour","6","E","Valeur estimée"
"FBS","Bilans Alimentaires (2010-)","015","Afrique septentrionale","664","Disponibilité alimentaire (Kcal/personne/jour)","S2923","Épices","2010","2010","Kcal/personne/jour","11","E","Valeur estimée"
"FBS","Bilans Alimentaires (2010-)","015","Afrique septentrionale","664","Disponibilité alimentaire (Kcal/personne/jour)","S2923","Épices","2020","2020","Kcal/personne/jour","9","E","Valeur estimée"
"FBS","Bilans Alimentaires (2010-)","015","Afrique septentrionale","664","Disponibilité alimentaire (Kcal/personne/jour)","S2924","Boissons Alcooliques","2010","2010","Kcal/personne/jour","4","E","Valeur estimée"
"FBS","Bilans Alimentaires (2010-)","015","Afrique septentrionale","664","Disponibilité alimentaire (Kcal/personne/jour)","S2924","Boissons Alcooliques","2020","2020","Kcal/personne/jour","4","E","Valeur estimée"
"FBS","Bilans Alimentaires (2010-)","015","Afrique septentrionale","664","Disponibilité alimentaire (Kcal/personne/jour)","S2943","Viande","2010","2010","Kcal/personne/jour","109","E","Valeur estimée"
"FBS","Bilans Alimentaires (2010-)","015","Afrique septentrionale","664","Disponibilité alimentaire (Kcal/personne/jour)","S2943","Viande","2020","2020","Kcal/personne/jour","108","E","Valeur estimée"
"FBS","Bilans Alimentaires (2010-)","015","Afrique septentrionale","664","Disponibilité alimentaire (Kcal/personne/jour)","S2945","Abats","2010","2010","Kcal/personne/jour","6","E","Valeur estimée"
"FBS","Bilans Alimentaires (2010-)","015","Afrique septentrionale","664","Disponibilité alimentaire (Kcal/personne/jour)","S2945","Abats","2020","2020","Kcal/personne/jour","9","E","Valeur estimée"
"FBS","Bilans Alimentaires (2010-)","015","Afrique septentrionale","664","Disponibilité alimentaire (Kcal/personne/jour)","S2946","Graisses animales","2010","2010","Kcal/personne/jour","39","E","Valeur estimée"
"FBS","Bilans Alimentaires (2010-)","015","Afrique septentrionale","664","Disponibilité alimentaire (Kcal/personne/jour)","S2946","Graisses animales","2020","2020","Kcal/personne/jour","28","E","Valeur estimée"
"FBS","Bilans Alimentaires (2010-)","015","Afrique septentrionale","664","Disponibilité alimentaire (Kcal/personne/jour)","S2949","Oeufs","2010","2010","Kcal/personne/jour","16","E","Valeur estimée"
"FBS","Bilans Alimentaires (2010-)","015","Afrique septentrionale","664","Disponibilité alimentaire (Kcal/personne/jour)","S2949","Oeufs","2020","2020","Kcal/personne/jour","17","E","Valeur estimée"
"FBS","Bilans Alimentaires (2010-)","015","Afrique septentrionale","664","Disponibilité alimentaire (Kcal/personne/jour)","S2948","Lait - Excl Beurre","2010","2010","Kcal/personne/jour","126","E","Valeur estimée"
"FBS","Bilans Alimentaires (2010-)","015","Afrique septentrionale","664","Disponibilité alimentaire (Kcal/personne/jour)","S2948","Lait - Excl Beurre","2020","2020","Kcal/personne/jour","134","E","Valeur estimée"
"FBS","Bilans Alimentaires (2010-)","015","Afrique septentrionale","664","Disponibilité alimentaire (Kcal/personne/jour)","S2960","Poisson & Fruits de Mer","2010","2010","Kcal/personne/jour","30","E","Valeur estimée"
"FBS","Bilans Alimentaires (2010-)","015","Afrique septentrionale","664","Disponibilité alimentaire (Kcal/personne/jour)","S2960","Poisson & Fruits de Mer","2020","2020","Kcal/personne/jour","30","E","Valeur estimée"
"FBS","Bilans Alimentaires (2010-)","015","Afrique septentrionale","664","Disponibilité alimentaire (Kcal/personne/jour)","S2961","Produits Aquatiques, Aut","2010","2010","Kcal/personne/jour","0","E","Valeur estimée"
"FBS","Bilans Alimentaires (2010-)","015","Afrique septentrionale","664","Disponibilité alimentaire (Kcal/personne/jour)","S2961","Produits Aquatiques, Aut","2020","2020","Kcal/personne/jour","0","E","Valeur estimée"
"FBS","Bilans Alimentaires (2010-)","015","Afrique septentrionale","664","Disponibilité alimentaire (Kcal/personne/jour)","S2928","Miscellanees","2010","2010","Kcal/personne/jour","3","E","Valeur estimée"
"FBS","Bilans Alimentaires (2010-)","015","Afrique septentrionale","664","Disponibilité alimentaire (Kcal/personne/jour)","S2928","Miscellanees","2020","2020","Kcal/personne/jour","3","E","Valeur estimée"
"FBS","Bilans Alimentaires (2010-)","018","Afrique australe","664","Disponibilité alimentaire (Kcal/personne/jour)","S2901","Total General","2010","2010","Kcal/personne/jour","2896","E","Valeur estimée"
"FBS","Bilans Alimentaires (2010-)","018","Afrique australe","664","Disponibilité alimentaire (Kcal/personne/jour)","S2901","Total General","2020","2020","Kcal/personne/jour","2805","E","Valeur estimée"
"FBS","Bilans Alimentaires (2010-)","018","Afrique australe","664","Disponibilité alimentaire (Kcal/personne/jour)","S2903","Produits Vegetaux","2010","2010","Kcal/personne/jour","2454","E","Valeur estimée"
"FBS","Bilans Alimentaires (2010-)","018","Afrique australe","664","Disponibilité alimentaire (Kcal/personne/jour)","S2903","Produits Vegetaux","2020","2020","Kcal/personne/jour","2356","E","Valeur estimée"
"FBS","Bilans Alimentaires (2010-)","018","Afrique australe","664","Disponibilité alimentaire (Kcal/personne/jour)","S2941","Produits Animaux","2010","2010","Kcal/personne/jour","442","E","Valeur estimée"
"FBS","Bilans Alimentaires (2010-)","018","Afrique australe","664","Disponibilité alimentaire (Kcal/personne/jour)","S2941","Produits Animaux","2020","2020","Kcal/personne/jour","449","E","Valeur estimée"
"FBS","Bilans Alimentaires (2010-)","018","Afrique australe","664","Disponibilité alimentaire (Kcal/personne/jour)","S2905","Cèrèales - Excl Bière","2010","2010","Kcal/personne/jour","1431","E","Valeur estimée"
"FBS","Bilans Alimentaires (2010-)","018","Afrique australe","664","Disponibilité alimentaire (Kcal/personne/jour)","S2905","Cèrèales - Excl Bière","2020","2020","Kcal/personne/jour","1358","E","Valeur estimée"
"FBS","Bilans Alimentaires (2010-)","018","Afrique australe","664","Disponibilité alimentaire (Kcal/personne/jour)","S2907","Racines Amyl","2010","2010","Kcal/personne/jour","80","E","Valeur estimée"
"FBS","Bilans Alimentaires (2010-)","018","Afrique australe","664","Disponibilité alimentaire (Kcal/personne/jour)","S2907","Racines Amyl","2020","2020","Kcal/personne/jour","81","E","Valeur estimée"
"FBS","Bilans Alimentaires (2010-)","018","Afrique australe","664","Disponibilité alimentaire (Kcal/personne/jour)","S2908","Cultures Sucrieres","2010","2010","Kcal/personne/jour","0","E","Valeur estimée"
"FBS","Bilans Alimentaires (2010-)","018","Afrique australe","664","Disponibilité alimentaire (Kcal/personne/jour)","S2908","Cultures Sucrieres","2020","2020","Kcal/personne/jour","0","E","Valeur estimée"
"FBS","Bilans Alimentaires (2010-)","018","Afrique australe","664","Disponibilité alimentaire (Kcal/personne/jour)","S2909","Sucre & Edulcorants","2010","2010","Kcal/personne/jour","311","E","Valeur estimée"
"FBS","Bilans Alimentaires (2010-)","018","Afrique australe","664","Disponibilité alimentaire (Kcal/personne/jour)","S2909","Sucre & Edulcorants","2020","2020","Kcal/personne/jour","300","E","Valeur estimée"
"FBS","Bilans Alimentaires (2010-)","018","Afrique australe","664","Disponibilité alimentaire (Kcal/personne/jour)","S2911","Légumineuses Sèches","2010","2010","Kcal/personne/jour","32","E","Valeur estimée"
"FBS","Bilans Alimentaires (2010-)","018","Afrique australe","664","Disponibilité alimentaire (Kcal/personne/jour)","S2911","Légumineuses Sèches","2020","2020","Kcal/personne/jour","14","E","Valeur estimée"
"FBS","Bilans Alimentaires (2010-)","018","Afrique australe","664","Disponibilité alimentaire (Kcal/personne/jour)","S2912","Fruit Coque","2010","2010","Kcal/personne/jour","2","E","Valeur estimée"
"FBS","Bilans Alimentaires (2010-)","018","Afrique australe","664","Disponibilité alimentaire (Kcal/personne/jour)","S2912","Fruit Coque","2020","2020","Kcal/personne/jour","2","E","Valeur estimée"
"FBS","Bilans Alimentaires (2010-)","018","Afrique australe","664","Disponibilité alimentaire (Kcal/personne/jour)","S2913","Cultures Oleágineuses","2010","2010","Kcal/personne/jour","12","E","Valeur estimée"
"FBS","Bilans Alimentaires (2010-)","018","Afrique australe","664","Disponibilité alimentaire (Kcal/personne/jour)","S2913","Cultures Oleágineuses","2020","2020","Kcal/personne/jour","18","E","Valeur estimée"
"FBS","Bilans Alimentaires (2010-)","018","Afrique australe","664","Disponibilité alimentaire (Kcal/personne/jour)","S2914","Huiles végétales","2010","2010","Kcal/personne/jour","372","E","Valeur estimée"
"FBS","Bilans Alimentaires (2010-)","018","Afrique australe","664","Disponibilité alimentaire (Kcal/personne/jour)","S2914","Huiles végétales","2020","2020","Kcal/personne/jour","403","E","Valeur estimée"
"FBS","Bilans Alimentaires (2010-)","018","Afrique australe","664","Disponibilité alimentaire (Kcal/personne/jour)","S2918","Légumes","2010","2010","Kcal/personne/jour","36","E","Valeur estimée"
"FBS","Bilans Alimentaires (2010-)","018","Afrique australe","664","Disponibilité alimentaire (Kcal/personne/jour)","S2918","Légumes","2020","2020","Kcal/personne/jour","33","E","Valeur estimée"
"FBS","Bilans Alimentaires (2010-)","018","Afrique australe","664","Disponibilité alimentaire (Kcal/personne/jour)","S2919","Fruits - Excl Vin","2010","2010","Kcal/personne/jour","37","E","Valeur estimée"
"FBS","Bilans Alimentaires (2010-)","018","Afrique australe","664","Disponibilité alimentaire (Kcal/personne/jour)","S2919","Fruits - Excl Vin","2020","2020","Kcal/personne/jour","31","E","Valeur estimée"
"FBS","Bilans Alimentaires (2010-)","018","Afrique australe","664","Disponibilité alimentaire (Kcal/personne/jour)","S2922","Stimulants","2010","2010","Kcal/personne/jour","3","E","Valeur estimée"
"FBS","Bilans Alimentaires (2010-)","018","Afrique australe","664","Disponibilité alimentaire (Kcal/personne/jour)","S2922","Stimulants","2020","2020","Kcal/personne/jour","6","E","Valeur estimée"
"FBS","Bilans Alimentaires (2010-)","018","Afrique australe","664","Disponibilité alimentaire (Kcal/personne/jour)","S2923","Épices","2010","2010","Kcal/personne/jour","5","E","Valeur estimée"
"FBS","Bilans Alimentaires (2010-)","018","Afrique australe","664","Disponibilité alimentaire (Kcal/personne/jour)","S2923","Épices","2020","2020","Kcal/personne/jour","5","E","Valeur estimée"
"FBS","Bilans Alimentaires (2010-)","018","Afrique australe","664","Disponibilité alimentaire (Kcal/personne/jour)","S2924","Boissons Alcooliques","2010","2010","Kcal/personne/jour","130","E","Valeur estimée"
"FBS","Bilans Alimentaires (2010-)","018","Afrique australe","664","Disponibilité alimentaire (Kcal/personne/jour)","S2924","Boissons Alcooliques","2020","2020","Kcal/personne/jour","101","E","Valeur estimée"
"FBS","Bilans Alimentaires (2010-)","018","Afrique australe","664","Disponibilité alimentaire (Kcal/personne/jour)","S2943","Viande","2010","2010","Kcal/personne/jour","285","E","Valeur estimée"
"FBS","Bilans Alimentaires (2010-)","018","Afrique australe","664","Disponibilité alimentaire (Kcal/personne/jour)","S2943","Viande","2020","2020","Kcal/personne/jour","285","E","Valeur estimée"
"FBS","Bilans Alimentaires (2010-)","018","Afrique australe","664","Disponibilité alimentaire (Kcal/personne/jour)","S2945","Abats","2010","2010","Kcal/personne/jour","14","E","Valeur estimée"
"FBS","Bilans Alimentaires (2010-)","018","Afrique australe","664","Disponibilité alimentaire (Kcal/personne/jour)","S2945","Abats","2020","2020","Kcal/personne/jour","22","E","Valeur estimée"
"FBS","Bilans Alimentaires (2010-)","018","Afrique australe","664","Disponibilité alimentaire (Kcal/personne/jour)","S2946","Graisses animales","2010","2010","Kcal/personne/jour","15","E","Valeur estimée"
"FBS","Bilans Alimentaires (2010-)","018","Afrique australe","664","Disponibilité alimentaire (Kcal/personne/jour)","S2946","Graisses animales","2020","2020","Kcal/personne/jour","13","E","Valeur estimée"
"FBS","Bilans Alimentaires (2010-)","018","Afrique australe","664","Disponibilité alimentaire (Kcal/personne/jour)","S2949","Oeufs","2010","2010","Kcal/personne/jour","21","E","Valeur estimée"
"FBS","Bilans Alimentaires (2010-)","018","Afrique australe","664","Disponibilité alimentaire (Kcal/personne/jour)","S2949","Oeufs","2020","2020","Kcal/personne/jour","26","E","Valeur estimée"
"FBS","Bilans Alimentaires (2010-)","018","Afrique australe","664","Disponibilité alimentaire (Kcal/personne/jour)","S2948","Lait - Excl Beurre","2010","2010","Kcal/personne/jour","96","E","Valeur estimée"
"FBS","Bilans Alimentaires (2010-)","018","Afrique australe","664","Disponibilité alimentaire (Kcal/personne/jour)","S2948","Lait - Excl Beurre","2020","2020","Kcal/personne/jour","90","E","Valeur estimée"
"FBS","Bilans Alimentaires (2010-)","018","Afrique australe","664","Disponibilité alimentaire (Kcal/personne/jour)","S2960","Poisson & Fruits de Mer","2010","2010","Kcal/personne/jour","12","E","Valeur estimée"
"FBS","Bilans Alimentaires (2010-)","018","Afrique australe","664","Disponibilité alimentaire (Kcal/personne/jour)","S2960","Poisson & Fruits de Mer","2020","2020","Kcal/personne/jour","12","E","Valeur estimée"
"FBS","Bilans Alimentaires (2010-)","018","Afrique australe","664","Disponibilité alimentaire (Kcal/personne/jour)","S2961","Produits Aquatiques, Aut","2010","2010","Kcal/personne/jour","0","E","Valeur estimée"
"FBS","Bilans Alimentaires (2010-)","018","Afrique australe","664","Disponibilité alimentaire (Kcal/personne/jour)","S2961","Produits Aquatiques, Aut","2020","2020","Kcal/personne/jour","0","E","Valeur estimée"
"FBS","Bilans Alimentaires (2010-)","018","Afrique australe","664","Disponibilité alimentaire (Kcal/personne/jour)","S2928","Miscellanees","2010","2010","Kcal/personne/jour","2","E","Valeur estimée"
"FBS","Bilans Alimentaires (2010-)","018","Afrique australe","664","Disponibilité alimentaire (Kcal/personne/jour)","S2928","Miscellanees","2020","2020","Kcal/personne/jour","2","E","Valeur estimée"
"FBS","Bilans Alimentaires (2010-)","011","Afrique occidentale","664","Disponibilité alimentaire (Kcal/personne/jour)","S2901","Total General","2010","2010","Kcal/personne/jour","2660","E","Valeur estimée"
"FBS","Bilans Alimentaires (2010-)","011","Afrique occidentale","664","Disponibilité alimentaire (Kcal/personne/jour)","S2901","Total General","2020","2020","Kcal/personne/jour","2700","E","Valeur estimée"
"FBS","Bilans Alimentaires (2010-)","011","Afrique occidentale","664","Disponibilité alimentaire (Kcal/personne/jour)","S2903","Produits Vegetaux","2010","2010","Kcal/personne/jour","2530","E","Valeur estimée"
"FBS","Bilans Alimentaires (2010-)","011","Afrique occidentale","664","Disponibilité alimentaire (Kcal/personne/jour)","S2903","Produits Vegetaux","2020","2020","Kcal/personne/jour","2581","E","Valeur estimée"
"FBS","Bilans Alimentaires (2010-)","011","Afrique occidentale","664","Disponibilité alimentaire (Kcal/personne/jour)","S2941","Produits Animaux","2010","2010","Kcal/personne/jour","131","E","Valeur estimée"
"FBS","Bilans Alimentaires (2010-)","011","Afrique occidentale","664","Disponibilité alimentaire (Kcal/personne/jour)","S2941","Produits Animaux","2020","2020","Kcal/personne/jour","119","E","Valeur estimée"
"FBS","Bilans Alimentaires (2010-)","011","Afrique occidentale","664","Disponibilité alimentaire (Kcal/personne/jour)","S2905","Cèrèales - Excl Bière","2010","2010","Kcal/personne/jour","1210","E","Valeur estimée"
"FBS","Bilans Alimentaires (2010-)","011","Afrique occidentale","664","Disponibilité alimentaire (Kcal/personne/jour)","S2905","Cèrèales - Excl Bière","2020","2020","Kcal/personne/jour","1209","E","Valeur estimée"
"FBS","Bilans Alimentaires (2010-)","011","Afrique occidentale","664","Disponibilité alimentaire (Kcal/personne/jour)","S2907","Racines Amyl","2010","2010","Kcal/personne/jour","553","E","Valeur estimée"
"FBS","Bilans Alimentaires (2010-)","011","Afrique occidentale","664","Disponibilité alimentaire (Kcal/personne/jour)","S2907","Racines Amyl","2020","2020","Kcal/personne/jour","589","E","Valeur estimée"
"FBS","Bilans Alimentaires (2010-)","011","Afrique occidentale","664","Disponibilité alimentaire (Kcal/personne/jour)","S2908","Cultures Sucrieres","2010","2010","Kcal/personne/jour","1","E","Valeur estimée"
"FBS","Bilans Alimentaires (2010-)","011","Afrique occidentale","664","Disponibilité alimentaire (Kcal/personne/jour)","S2908","Cultures Sucrieres","2020","2020","Kcal/personne/jour","2","E","Valeur estimée"
"FBS","Bilans Alimentaires (2010-)","011","Afrique occidentale","664","Disponibilité alimentaire (Kcal/personne/jour)","S2909","Sucre & Edulcorants","2010","2010","Kcal/personne/jour","104","E","Valeur estimée"
"FBS","Bilans Alimentaires (2010-)","011","Afrique occidentale","664","Disponibilité alimentaire (Kcal/personne/jour)","S2909","Sucre & Edulcorants","2020","2020","Kcal/personne/jour","106","E","Valeur estimée"
"FBS","Bilans Alimentaires (2010-)","011","Afrique occidentale","664","Disponibilité alimentaire (Kcal/personne/jour)","S2911","Légumineuses Sèches","2010","2010","Kcal/personne/jour","104","E","Valeur estimée"
"FBS","Bilans Alimentaires (2010-)","011","Afrique occidentale","664","Disponibilité alimentaire (Kcal/personne/jour)","S2911","Légumineuses Sèches","2020","2020","Kcal/personne/jour","112","E","Valeur estimée"
"FBS","Bilans Alimentaires (2010-)","011","Afrique occidentale","664","Disponibilité alimentaire (Kcal/personne/jour)","S2912","Fruit Coque","2010","2010","Kcal/personne/jour","27","E","Valeur estimée"
"FBS","Bilans Alimentaires (2010-)","011","Afrique occidentale","664","Disponibilité alimentaire (Kcal/personne/jour)","S2912","Fruit Coque","2020","2020","Kcal/personne/jour","9","E","Valeur estimée"
"FBS","Bilans Alimentaires (2010-)","011","Afrique occidentale","664","Disponibilité alimentaire (Kcal/personne/jour)","S2913","Cultures Oleágineuses","2010","2010","Kcal/personne/jour","96","E","Valeur estimée"
"FBS","Bilans Alimentaires (2010-)","011","Afrique occidentale","664","Disponibilité alimentaire (Kcal/personne/jour)","S2913","Cultures Oleágineuses","2020","2020","Kcal/personne/jour","112","E","Valeur estimée"
"FBS","Bilans Alimentaires (2010-)","011","Afrique occidentale","664","Disponibilité alimentaire (Kcal/personne/jour)","S2914","Huiles végétales","2010","2010","Kcal/personne/jour","242","E","Valeur estimée"
"FBS","Bilans Alimentaires (2010-)","011","Afrique occidentale","664","Disponibilité alimentaire (Kcal/personne/jour)","S2914","Huiles végétales","2020","2020","Kcal/personne/jour","247","E","Valeur estimée"
"FBS","Bilans Alimentaires (2010-)","011","Afrique occidentale","664","Disponibilité alimentaire (Kcal/personne/jour)","S2918","Légumes","2010","2010","Kcal/personne/jour","42","E","Valeur estimée"
"FBS","Bilans Alimentaires (2010-)","011","Afrique occidentale","664","Disponibilité alimentaire (Kcal/personne/jour)","S2918","Légumes","2020","2020","Kcal/personne/jour","51","E","Valeur estimée"
"FBS","Bilans Alimentaires (2010-)","011","Afrique occidentale","664","Disponibilité alimentaire (Kcal/personne/jour)","S2919","Fruits - Excl Vin","2010","2010","Kcal/personne/jour","97","E","Valeur estimée"
"FBS","Bilans Alimentaires (2010-)","011","Afrique occidentale","664","Disponibilité alimentaire (Kcal/personne/jour)","S2919","Fruits - Excl Vin","2020","2020","Kcal/personne/jour","94","E","Valeur estimée"
"FBS","Bilans Alimentaires (2010-)","011","Afrique occidentale","664","Disponibilité alimentaire (Kcal/personne/jour)","S2922","Stimulants","2010","2010","Kcal/personne/jour","4","E","Valeur estimée"
"FBS","Bilans Alimentaires (2010-)","011","Afrique occidentale","664","Disponibilité alimentaire (Kcal/personne/jour)","S2922","Stimulants","2020","2020","Kcal/personne/jour","2","E","Valeur estimée"
"FBS","Bilans Alimentaires (2010-)","011","Afrique occidentale","664","Disponibilité alimentaire (Kcal/personne/jour)","S2923","Épices","2010","2010","Kcal/personne/jour","13","E","Valeur estimée"
"FBS","Bilans Alimentaires (2010-)","011","Afrique occidentale","664","Disponibilité alimentaire (Kcal/personne/jour)","S2923","Épices","2020","2020","Kcal/personne/jour","26","E","Valeur estimée"
"FBS","Bilans Alimentaires (2010-)","011","Afrique occidentale","664","Disponibilité alimentaire (Kcal/personne/jour)","S2924","Boissons Alcooliques","2010","2010","Kcal/personne/jour","36","E","Valeur estimée"
"FBS","Bilans Alimentaires (2010-)","011","Afrique occidentale","664","Disponibilité alimentaire (Kcal/personne/jour)","S2924","Boissons Alcooliques","2020","2020","Kcal/personne/jour","21","E","Valeur estimée"
"FBS","Bilans Alimentaires (2010-)","011","Afrique occidentale","664","Disponibilité alimentaire (Kcal/personne/jour)","S2943","Viande","2010","2010","Kcal/personne/jour","50","E","Valeur estimée"
"FBS","Bilans Alimentaires (2010-)","011","Afrique occidentale","664","Disponibilité alimentaire (Kcal/personne/jour)","S2943","Viande","2020","2020","Kcal/personne/jour","51","E","Valeur estimée"
"FBS","Bilans Alimentaires (2010-)","011","Afrique occidentale","664","Disponibilité alimentaire (Kcal/personne/jour)","S2945","Abats","2010","2010","Kcal/personne/jour","4","E","Valeur estimée"
"FBS","Bilans Alimentaires (2010-)","011","Afrique occidentale","664","Disponibilité alimentaire (Kcal/personne/jour)","S2945","Abats","2020","2020","Kcal/personne/jour","4","E","Valeur estimée"
"FBS","Bilans Alimentaires (2010-)","011","Afrique occidentale","664","Disponibilité alimentaire (Kcal/personne/jour)","S2946","Graisses animales","2010","2010","Kcal/personne/jour","10","E","Valeur estimée"
"FBS","Bilans Alimentaires (2010-)","011","Afrique occidentale","664","Disponibilité alimentaire (Kcal/personne/jour)","S2946","Graisses animales","2020","2020","Kcal/personne/jour","10","E","Valeur estimée"
"FBS","Bilans Alimentaires (2010-)","011","Afrique occidentale","664","Disponibilité alimentaire (Kcal/personne/jour)","S2949","Oeufs","2010","2010","Kcal/personne/jour","8","E","Valeur estimée"
"FBS","Bilans Alimentaires (2010-)","011","Afrique occidentale","664","Disponibilité alimentaire (Kcal/personne/jour)","S2949","Oeufs","2020","2020","Kcal/personne/jour","7","E","Valeur estimée"
"FBS","Bilans Alimentaires (2010-)","011","Afrique occidentale","664","Disponibilité alimentaire (Kcal/personne/jour)","S2948","Lait - Excl Beurre","2010","2010","Kcal/personne/jour","35","E","Valeur estimée"
"FBS","Bilans Alimentaires (2010-)","011","Afrique occidentale","664","Disponibilité alimentaire (Kcal/personne/jour)","S2948","Lait - Excl Beurre","2020","2020","Kcal/personne/jour","26","E","Valeur estimée"
"FBS","Bilans Alimentaires (2010-)","011","Afrique occidentale","664","Disponibilité alimentaire (Kcal/personne/jour)","S2960","Poisson & Fruits de Mer","2010","2010","Kcal/personne/jour","25","E","Valeur estimée"
"FBS","Bilans Alimentaires (2010-)","011","Afrique occidentale","664","Disponibilité alimentaire (Kcal/personne/jour)","S2960","Poisson & Fruits de Mer","2020","2020","Kcal/personne/jour","22","E","Valeur estimée"
"FBS","Bilans Alimentaires (2010-)","011","Afrique occidentale","664","Disponibilité alimentaire (Kcal/personne/jour)","S2961","Produits Aquatiques, Aut","2010","2010","Kcal/personne/jour","0","E","Valeur estimée"
"FBS","Bilans Alimentaires (2010-)","011","Afrique occidentale","664","Disponibilité alimentaire (Kcal/personne/jour)","S2961","Produits Aquatiques, Aut","2020","2020","Kcal/personne/jour","0","E","Valeur estimée"
"FBS","Bilans Alimentaires (2010-)","011","Afrique occidentale","664","Disponibilité alimentaire (Kcal/personne/jour)","S2928","Miscellanees","2010","2010","Kcal/personne/jour","1","E","Valeur estimée"
"FBS","Bilans Alimentaires (2010-)","011","Afrique occidentale","664","Disponibilité alimentaire (Kcal/personne/jour)","S2928","Miscellanees","2020","2020","Kcal/personne/jour","2","E","Valeur estimée"
"FBS","Bilans Alimentaires (2010-)","151","Europe orientale","664","Disponibilité alimentaire (Kcal/personne/jour)","S2901","Total General","2010","2010","Kcal/personne/jour","3253","E","Valeur estimée"
"FBS","Bilans Alimentaires (2010-)","151","Europe orientale","664","Disponibilité alimentaire (Kcal/personne/jour)","S2901","Total General","2020","2020","Kcal/personne/jour","3344","E","Valeur estimée"
"FBS","Bilans Alimentaires (2010-)","151","Europe orientale","664","Disponibilité alimentaire (Kcal/personne/jour)","S2903","Produits Vegetaux","2010","2010","Kcal/personne/jour","2446","E","Valeur estimée"
"FBS","Bilans Alimentaires (2010-)","151","Europe orientale","664","Disponibilité alimentaire (Kcal/personne/jour)","S2903","Produits Vegetaux","2020","2020","Kcal/personne/jour","2446","E","Valeur estimée"
"FBS","Bilans Alimentaires (2010-)","151","Europe orientale","664","Disponibilité alimentaire (Kcal/personne/jour)","S2941","Produits Animaux","2010","2010","Kcal/personne/jour","807","E","Valeur estimée"
"FBS","Bilans Alimentaires (2010-)","151","Europe orientale","664","Disponibilité alimentaire (Kcal/personne/jour)","S2941","Produits Animaux","2020","2020","Kcal/personne/jour","898","E","Valeur estimée"
"FBS","Bilans Alimentaires (2010-)","151","Europe orientale","664","Disponibilité alimentaire (Kcal/personne/jour)","S2905","Cèrèales - Excl Bière","2010","2010","Kcal/personne/jour","1132","E","Valeur estimée"
"FBS","Bilans Alimentaires (2010-)","151","Europe orientale","664","Disponibilité alimentaire (Kcal/personne/jour)","S2905","Cèrèales - Excl Bière","2020","2020","Kcal/personne/jour","1138","E","Valeur estimée"
"FBS","Bilans Alimentaires (2010-)","151","Europe orientale","664","Disponibilité alimentaire (Kcal/personne/jour)","S2907","Racines Amyl","2010","2010","Kcal/personne/jour","192","E","Valeur estimée"
"FBS","Bilans Alimentaires (2010-)","151","Europe orientale","664","Disponibilité alimentaire (Kcal/personne/jour)","S2907","Racines Amyl","2020","2020","Kcal/personne/jour","171","E","Valeur estimée"
"FBS","Bilans Alimentaires (2010-)","151","Europe orientale","664","Disponibilité alimentaire (Kcal/personne/jour)","S2908","Cultures Sucrieres","2010","2010","Kcal/personne/jour","0","E","Valeur estimée"
"FBS","Bilans Alimentaires (2010-)","151","Europe orientale","664","Disponibilité alimentaire (Kcal/personne/jour)","S2908","Cultures Sucrieres","2020","2020","Kcal/personne/jour","0","E","Valeur estimée"
"FBS","Bilans Alimentaires (2010-)","151","Europe orientale","664","Disponibilité alimentaire (Kcal/personne/jour)","S2909","Sucre & Edulcorants","2010","2010","Kcal/personne/jour","394","E","Valeur estimée"
"FBS","Bilans Alimentaires (2010-)","151","Europe orientale","664","Disponibilité alimentaire (Kcal/personne/jour)","S2909","Sucre & Edulcorants","2020","2020","Kcal/personne/jour","370","E","Valeur estimée"
"FBS","Bilans Alimentaires (2010-)","151","Europe orientale","664","Disponibilité alimentaire (Kcal/personne/jour)","S2911","Légumineuses Sèches","2010","2010","Kcal/personne/jour","18","E","Valeur estimée"
"FBS","Bilans Alimentaires (2010-)","151","Europe orientale","664","Disponibilité alimentaire (Kcal/personne/jour)","S2911","Légumineuses Sèches","2020","2020","Kcal/personne/jour","21","E","Valeur estimée"
"FBS","Bilans Alimentaires (2010-)","151","Europe orientale","664","Disponibilité alimentaire (Kcal/personne/jour)","S2912","Fruit Coque","2010","2010","Kcal/personne/jour","9","E","Valeur estimée"
"FBS","Bilans Alimentaires (2010-)","151","Europe orientale","664","Disponibilité alimentaire (Kcal/personne/jour)","S2912","Fruit Coque","2020","2020","Kcal/personne/jour","11","E","Valeur estimée"
"FBS","Bilans Alimentaires (2010-)","151","Europe orientale","664","Disponibilité alimentaire (Kcal/personne/jour)","S2913","Cultures Oleágineuses","2010","2010","Kcal/personne/jour","15","E","Valeur estimée"
"FBS","Bilans Alimentaires (2010-)","151","Europe orientale","664","Disponibilité alimentaire (Kcal/personne/jour)","S2913","Cultures Oleágineuses","2020","2020","Kcal/personne/jour","16","E","Valeur estimée"
"FBS","Bilans Alimentaires (2010-)","151","Europe orientale","664","Disponibilité alimentaire (Kcal/personne/jour)","S2914","Huiles végétales","2010","2010","Kcal/personne/jour","328","E","Valeur estimée"
"FBS","Bilans Alimentaires (2010-)","151","Europe orientale","664","Disponibilité alimentaire (Kcal/personne/jour)","S2914","Huiles végétales","2020","2020","Kcal/personne/jour","369","E","Valeur estimée"
"FBS","Bilans Alimentaires (2010-)","151","Europe orientale","664","Disponibilité alimentaire (Kcal/personne/jour)","S2918","Légumes","2010","2010","Kcal/personne/jour","82","E","Valeur estimée"
"FBS","Bilans Alimentaires (2010-)","151","Europe orientale","664","Disponibilité alimentaire (Kcal/personne/jour)","S2918","Légumes","2020","2020","Kcal/personne/jour","78","E","Valeur estimée"
"FBS","Bilans Alimentaires (2010-)","151","Europe orientale","664","Disponibilité alimentaire (Kcal/personne/jour)","S2919","Fruits - Excl Vin","2010","2010","Kcal/personne/jour","72","E","Valeur estimée"
"FBS","Bilans Alimentaires (2010-)","151","Europe orientale","664","Disponibilité alimentaire (Kcal/personne/jour)","S2919","Fruits - Excl Vin","2020","2020","Kcal/personne/jour","90","E","Valeur estimée"
"FBS","Bilans Alimentaires (2010-)","151","Europe orientale","664","Disponibilité alimentaire (Kcal/personne/jour)","S2922","Stimulants","2010","2010","Kcal/personne/jour","18","E","Valeur estimée"
"FBS","Bilans Alimentaires (2010-)","151","Europe orientale","664","Disponibilité alimentaire (Kcal/personne/jour)","S2922","Stimulants","2020","2020","Kcal/personne/jour","17","E","Valeur estimée"
"FBS","Bilans Alimentaires (2010-)","151","Europe orientale","664","Disponibilité alimentaire (Kcal/personne/jour)","S2923","Épices","2010","2010","Kcal/personne/jour","5","E","Valeur estimée"
"FBS","Bilans Alimentaires (2010-)","151","Europe orientale","664","Disponibilité alimentaire (Kcal/personne/jour)","S2923","Épices","2020","2020","Kcal/personne/jour","3","E","Valeur estimée"
"FBS","Bilans Alimentaires (2010-)","151","Europe orientale","664","Disponibilité alimentaire (Kcal/personne/jour)","S2924","Boissons Alcooliques","2010","2010","Kcal/personne/jour","178","E","Valeur estimée"
"FBS","Bilans Alimentaires (2010-)","151","Europe orientale","664","Disponibilité alimentaire (Kcal/personne/jour)","S2924","Boissons Alcooliques","2020","2020","Kcal/personne/jour","160","E","Valeur estimée"
"FBS","Bilans Alimentaires (2010-)","151","Europe orientale","664","Disponibilité alimentaire (Kcal/personne/jour)","S2943","Viande","2010","2010","Kcal/personne/jour","292","E","Valeur estimée"
"FBS","Bilans Alimentaires (2010-)","151","Europe orientale","664","Disponibilité alimentaire (Kcal/personne/jour)","S2943","Viande","2020","2020","Kcal/personne/jour","325","E","Valeur estimée"
"FBS","Bilans Alimentaires (2010-)","151","Europe orientale","664","Disponibilité alimentaire (Kcal/personne/jour)","S2945","Abats","2010","2010","Kcal/personne/jour","12","E","Valeur estimée"
"FBS","Bilans Alimentaires (2010-)","151","Europe orientale","664","Disponibilité alimentaire (Kcal/personne/jour)","S2945","Abats","2020","2020","Kcal/personne/jour","10","E","Valeur estimée"
"FBS","Bilans Alimentaires (2010-)","151","Europe orientale","664","Disponibilité alimentaire (Kcal/personne/jour)","S2946","Graisses animales","2010","2010","Kcal/personne/jour","129","E","Valeur estimée"
"FBS","Bilans Alimentaires (2010-)","151","Europe orientale","664","Disponibilité alimentaire (Kcal/personne/jour)","S2946","Graisses animales","2020","2020","Kcal/personne/jour","176","E","Valeur estimée"
"FBS","Bilans Alimentaires (2010-)","151","Europe orientale","664","Disponibilité alimentaire (Kcal/personne/jour)","S2949","Oeufs","2010","2010","Kcal/personne/jour","55","E","Valeur estimée"
"FBS","Bilans Alimentaires (2010-)","151","Europe orientale","664","Disponibilité alimentaire (Kcal/personne/jour)","S2949","Oeufs","2020","2020","Kcal/personne/jour","57","E","Valeur estimée"
"FBS","Bilans Alimentaires (2010-)","151","Europe orientale","664","Disponibilité alimentaire (Kcal/personne/jour)","S2948","Lait - Excl Beurre","2010","2010","Kcal/personne/jour","280","E","Valeur estimée"
"FBS","Bilans Alimentaires (2010-)","151","Europe orientale","664","Disponibilité alimentaire (Kcal/personne/jour)","S2948","Lait - Excl Beurre","2020","2020","Kcal/personne/jour","290","E","Valeur estimée"
"FBS","Bilans Alimentaires (2010-)","151","Europe orientale","664","Disponibilité alimentaire (Kcal/personne/jour)","S2960","Poisson & Fruits de Mer","2010","2010","Kcal/personne/jour","39","E","Valeur estimée"
"FBS","Bilans Alimentaires (2010-)","151","Europe orientale","664","Disponibilité alimentaire (Kcal/personne/jour)","S2960","Poisson & Fruits de Mer","2020","2020","Kcal/personne/jour","39","E","Valeur estimée"
"FBS","Bilans Alimentaires (2010-)","151","Europe orientale","664","Disponibilité alimentaire (Kcal/personne/jour)","S2961","Produits Aquatiques, Aut","2010","2010","Kcal/personne/jour","0","E","Valeur estimée"
"FBS","Bilans Alimentaires (2010-)","151","Europe orientale","664","Disponibilité alimentaire (Kcal/personne/jour)","S2961","Produits Aquatiques, Aut","2020","2020","Kcal/personne/jour","0","E","Valeur estimée"
"FBS","Bilans Alimentaires (2010-)","151","Europe orientale","664","Disponibilité alimentaire (Kcal/personne/jour)","S2928","Miscellanees","2010","2010","Kcal/personne/jour","3","E","Valeur estimée"
"FBS","Bilans Alimentaires (2010-)","151","Europe orientale","664","Disponibilité alimentaire (Kcal/personne/jour)","S2928","Miscellanees","2020","2020","Kcal/personne/jour","2","E","Valeur estimée"
"FBS","Bilans Alimentaires (2010-)","154","Europe septentrionale","664","Disponibilité alimentaire (Kcal/personne/jour)","S2901","Total General","2010","2010","Kcal/personne/jour","3379","E","Valeur estimée"
"FBS","Bilans Alimentaires (2010-)","154","Europe septentrionale","664","Disponibilité alimentaire (Kcal/personne/jour)","S2901","Total General","2020","2020","Kcal/personne/jour","3395","E","Valeur estimée"
"FBS","Bilans Alimentaires (2010-)","154","Europe septentrionale","664","Disponibilité alimentaire (Kcal/personne/jour)","S2903","Produits Vegetaux","2010","2010","Kcal/personne/jour","2343","E","Valeur estimée"
"FBS","Bilans Alimentaires (2010-)","154","Europe septentrionale","664","Disponibilité alimentaire (Kcal/personne/jour)","S2903","Produits Vegetaux","2020","2020","Kcal/personne/jour","2343","E","Valeur estimée"
"FBS","Bilans Alimentaires (2010-)","154","Europe septentrionale","664","Disponibilité alimentaire (Kcal/personne/jour)","S2941","Produits Animaux","2010","2010","Kcal/personne/jour","1035","E","Valeur estimée"
"FBS","Bilans Alimentaires (2010-)","154","Europe septentrionale","664","Disponibilité alimentaire (Kcal/personne/jour)","S2941","Produits Animaux","2020","2020","Kcal/personne/jour","1052","E","Valeur estimée"
"FBS","Bilans Alimentaires (2010-)","154","Europe septentrionale","664","Disponibilité alimentaire (Kcal/personne/jour)","S2905","Cèrèales - Excl Bière","2010","2010","Kcal/personne/jour","916","E","Valeur estimée"
"FBS","Bilans Alimentaires (2010-)","154","Europe septentrionale","664","Disponibilité alimentaire (Kcal/personne/jour)","S2905","Cèrèales - Excl Bière","2020","2020","Kcal/personne/jour","971","E","Valeur estimée"
"FBS","Bilans Alimentaires (2010-)","154","Europe septentrionale","664","Disponibilité alimentaire (Kcal/personne/jour)","S2907","Racines Amyl","2010","2010","Kcal/personne/jour","157","E","Valeur estimée"
"FBS","Bilans Alimentaires (2010-)","154","Europe septentrionale","664","Disponibilité alimentaire (Kcal/personne/jour)","S2907","Racines Amyl","2020","2020","Kcal/personne/jour","124","E","Valeur estimée"
"FBS","Bilans Alimentaires (2010-)","154","Europe septentrionale","664","Disponibilité alimentaire (Kcal/personne/jour)","S2908","Cultures Sucrieres","2010","2010","Kcal/personne/jour","0","E","Valeur estimée"
"FBS","Bilans Alimentaires (2010-)","154","Europe septentrionale","664","Disponibilité alimentaire (Kcal/personne/jour)","S2908","Cultures Sucrieres","2020","2020","Kcal/personne/jour","0","E","Valeur estimée"
"FBS","Bilans Alimentaires (2010-)","154","Europe septentrionale","664","Disponibilité alimentaire (Kcal/personne/jour)","S2909","Sucre & Edulcorants","2010","2010","Kcal/personne/jour","358","E","Valeur estimée"
"FBS","Bilans Alimentaires (2010-)","154","Europe septentrionale","664","Disponibilité alimentaire (Kcal/personne/jour)","S2909","Sucre & Edulcorants","2020","2020","Kcal/personne/jour","298","E","Valeur estimée"
"FBS","Bilans Alimentaires (2010-)","154","Europe septentrionale","664","Disponibilité alimentaire (Kcal/personne/jour)","S2911","Légumineuses Sèches","2010","2010","Kcal/personne/jour","30","E","Valeur estimée"
"FBS","Bilans Alimentaires (2010-)","154","Europe septentrionale","664","Disponibilité alimentaire (Kcal/personne/jour)","S2911","Légumineuses Sèches","2020","2020","Kcal/personne/jour","29","E","Valeur estimée"
"FBS","Bilans Alimentaires (2010-)","154","Europe septentrionale","664","Disponibilité alimentaire (Kcal/personne/jour)","S2912","Fruit Coque","2010","2010","Kcal/personne/jour","18","E","Valeur estimée"
"FBS","Bilans Alimentaires (2010-)","154","Europe septentrionale","664","Disponibilité alimentaire (Kcal/personne/jour)","S2912","Fruit Coque","2020","2020","Kcal/personne/jour","24","E","Valeur estimée"
"FBS","Bilans Alimentaires (2010-)","154","Europe septentrionale","664","Disponibilité alimentaire (Kcal/personne/jour)","S2913","Cultures Oleágineuses","2010","2010","Kcal/personne/jour","32","E","Valeur estimée"
"FBS","Bilans Alimentaires (2010-)","154","Europe septentrionale","664","Disponibilité alimentaire (Kcal/personne/jour)","S2913","Cultures Oleágineuses","2020","2020","Kcal/personne/jour","39","E","Valeur estimée"
"FBS","Bilans Alimentaires (2010-)","154","Europe septentrionale","664","Disponibilité alimentaire (Kcal/personne/jour)","S2914","Huiles végétales","2010","2010","Kcal/personne/jour","409","E","Valeur estimée"
"FBS","Bilans Alimentaires (2010-)","154","Europe septentrionale","664","Disponibilité alimentaire (Kcal/personne/jour)","S2914","Huiles végétales","2020","2020","Kcal/personne/jour","424","E","Valeur estimée"
"FBS","Bilans Alimentaires (2010-)","154","Europe septentrionale","664","Disponibilité alimentaire (Kcal/personne/jour)","S2918","Légumes","2010","2010","Kcal/personne/jour","69","E","Valeur estimée"
"FBS","Bilans Alimentaires (2010-)","154","Europe septentrionale","664","Disponibilité alimentaire (Kcal/personne/jour)","S2918","Légumes","2020","2020","Kcal/personne/jour","72","E","Valeur estimée"
"FBS","Bilans Alimentaires (2010-)","154","Europe septentrionale","664","Disponibilité alimentaire (Kcal/personne/jour)","S2919","Fruits - Excl Vin","2010","2010","Kcal/personne/jour","119","E","Valeur estimée"
"FBS","Bilans Alimentaires (2010-)","154","Europe septentrionale","664","Disponibilité alimentaire (Kcal/personne/jour)","S2919","Fruits - Excl Vin","2020","2020","Kcal/personne/jour","123","E","Valeur estimée"
"FBS","Bilans Alimentaires (2010-)","154","Europe septentrionale","664","Disponibilité alimentaire (Kcal/personne/jour)","S2922","Stimulants","2010","2010","Kcal/personne/jour","41","E","Valeur estimée"
"FBS","Bilans Alimentaires (2010-)","154","Europe septentrionale","664","Disponibilité alimentaire (Kcal/personne/jour)","S2922","Stimulants","2020","2020","Kcal/personne/jour","57","E","Valeur estimée"
"FBS","Bilans Alimentaires (2010-)","154","Europe septentrionale","664","Disponibilité alimentaire (Kcal/personne/jour)","S2923","Épices","2010","2010","Kcal/personne/jour","8","E","Valeur estimée"
"FBS","Bilans Alimentaires (2010-)","154","Europe septentrionale","664","Disponibilité alimentaire (Kcal/personne/jour)","S2923","Épices","2020","2020","Kcal/personne/jour","11","E","Valeur estimée"
"FBS","Bilans Alimentaires (2010-)","154","Europe septentrionale","664","Disponibilité alimentaire (Kcal/personne/jour)","S2924","Boissons Alcooliques","2010","2010","Kcal/personne/jour","168","E","Valeur estimée"
"FBS","Bilans Alimentaires (2010-)","154","Europe septentrionale","664","Disponibilité alimentaire (Kcal/personne/jour)","S2924","Boissons Alcooliques","2020","2020","Kcal/personne/jour","146","E","Valeur estimée"
"FBS","Bilans Alimentaires (2010-)","154","Europe septentrionale","664","Disponibilité alimentaire (Kcal/personne/jour)","S2943","Viande","2010","2010","Kcal/personne/jour","425","E","Valeur estimée"
"FBS","Bilans Alimentaires (2010-)","154","Europe septentrionale","664","Disponibilité alimentaire (Kcal/personne/jour)","S2943","Viande","2020","2020","Kcal/personne/jour","409","E","Valeur estimée"
"FBS","Bilans Alimentaires (2010-)","154","Europe septentrionale","664","Disponibilité alimentaire (Kcal/personne/jour)","S2945","Abats","2010","2010","Kcal/personne/jour","9","E","Valeur estimée"
"FBS","Bilans Alimentaires (2010-)","154","Europe septentrionale","664","Disponibilité alimentaire (Kcal/personne/jour)","S2945","Abats","2020","2020","Kcal/personne/jour","7","E","Valeur estimée"
"FBS","Bilans Alimentaires (2010-)","154","Europe septentrionale","664","Disponibilité alimentaire (Kcal/personne/jour)","S2946","Graisses animales","2010","2010","Kcal/personne/jour","151","E","Valeur estimée"
"FBS","Bilans Alimentaires (2010-)","154","Europe septentrionale","664","Disponibilité alimentaire (Kcal/personne/jour)","S2946","Graisses animales","2020","2020","Kcal/personne/jour","157","E","Valeur estimée"
"FBS","Bilans Alimentaires (2010-)","154","Europe septentrionale","664","Disponibilité alimentaire (Kcal/personne/jour)","S2949","Oeufs","2010","2010","Kcal/personne/jour","44","E","Valeur estimée"
"FBS","Bilans Alimentaires (2010-)","154","Europe septentrionale","664","Disponibilité alimentaire (Kcal/personne/jour)","S2949","Oeufs","2020","2020","Kcal/personne/jour","45","E","Valeur estimée"
"FBS","Bilans Alimentaires (2010-)","154","Europe septentrionale","664","Disponibilité alimentaire (Kcal/personne/jour)","S2948","Lait - Excl Beurre","2010","2010","Kcal/personne/jour","351","E","Valeur estimée"
"FBS","Bilans Alimentaires (2010-)","154","Europe septentrionale","664","Disponibilité alimentaire (Kcal/personne/jour)","S2948","Lait - Excl Beurre","2020","2020","Kcal/personne/jour","380","E","Valeur estimée"
"FBS","Bilans Alimentaires (2010-)","154","Europe septentrionale","664","Disponibilité alimentaire (Kcal/personne/jour)","S2960","Poisson & Fruits de Mer","2010","2010","Kcal/personne/jour","55","E","Valeur estimée"
"FBS","Bilans Alimentaires (2010-)","154","Europe septentrionale","664","Disponibilité alimentaire (Kcal/personne/jour)","S2960","Poisson & Fruits de Mer","2020","2020","Kcal/personne/jour","53","E","Valeur estimée"
"FBS","Bilans Alimentaires (2010-)","154","Europe septentrionale","664","Disponibilité alimentaire (Kcal/personne/jour)","S2961","Produits Aquatiques, Aut","2010","2010","Kcal/personne/jour","0","E","Valeur estimée"
"FBS","Bilans Alimentaires (2010-)","154","Europe septentrionale","664","Disponibilité alimentaire (Kcal/personne/jour)","S2961","Produits Aquatiques, Aut","2020","2020","Kcal/personne/jour","0","E","Valeur estimée"
"FBS","Bilans Alimentaires (2010-)","154","Europe septentrionale","664","Disponibilité alimentaire (Kcal/personne/jour)","S2928","Miscellanees","2010","2010","Kcal/personne/jour","20","E","Valeur estimée"
"FBS","Bilans Alimentaires (2010-)","154","Europe septentrionale","664","Disponibilité alimentaire (Kcal/personne/jour)","S2928","Miscellanees","2020","2020","Kcal/personne/jour","26","E","Valeur estimée"
"FBS","Bilans Alimentaires (2010-)","039","Europe méridionale","664","Disponibilité alimentaire (Kcal/personne/jour)","S2901","Total General","2010","2010","Kcal/personne/jour","3338","E","Valeur estimée"
"FBS","Bilans Alimentaires (2010-)","039","Europe méridionale","664","Disponibilité alimentaire (Kcal/personne/jour)","S2901","Total General","2020","2020","Kcal/personne/jour","3411","E","Valeur estimée"
"FBS","Bilans Alimentaires (2010-)","039","Europe méridionale","664","Disponibilité alimentaire (Kcal/personne/jour)","S2903","Produits Vegetaux","2010","2010","Kcal/personne/jour","2467","E","Valeur estimée"
"FBS","Bilans Alimentaires (2010-)","039","Europe méridionale","664","Disponibilité alimentaire (Kcal/personne/jour)","S2903","Produits Vegetaux","2020","2020","Kcal/personne/jour","2534","E","Valeur estimée"
"FBS","Bilans Alimentaires (2010-)","039","Europe méridionale","664","Disponibilité alimentaire (Kcal/personne/jour)","S2941","Produits Animaux","2010","2010","Kcal/personne/jour","872","E","Valeur estimée"
"FBS","Bilans Alimentaires (2010-)","039","Europe méridionale","664","Disponibilité alimentaire (Kcal/personne/jour)","S2941","Produits Animaux","2020","2020","Kcal/personne/jour","877","E","Valeur estimée"
"FBS","Bilans Alimentaires (2010-)","039","Europe méridionale","664","Disponibilité alimentaire (Kcal/personne/jour)","S2905","Cèrèales - Excl Bière","2010","2010","Kcal/personne/jour","984","E","Valeur estimée"
"FBS","Bilans Alimentaires (2010-)","039","Europe méridionale","664","Disponibilité alimentaire (Kcal/personne/jour)","S2905","Cèrèales - Excl Bière","2020","2020","Kcal/personne/jour","970","E","Valeur estimée"
"FBS","Bilans Alimentaires (2010-)","039","Europe méridionale","664","Disponibilité alimentaire (Kcal/personne/jour)","S2907","Racines Amyl","2010","2010","Kcal/personne/jour","93","E","Valeur estimée"
"FBS","Bilans Alimentaires (2010-)","039","Europe méridionale","664","Disponibilité alimentaire (Kcal/personne/jour)","S2907","Racines Amyl","2020","2020","Kcal/personne/jour","89","E","Valeur estimée"
"FBS","Bilans Alimentaires (2010-)","039","Europe méridionale","664","Disponibilité alimentaire (Kcal/personne/jour)","S2908","Cultures Sucrieres","2020","2020","Kcal/personne/jour","0","E","Valeur estimée"
"FBS","Bilans Alimentaires (2010-)","039","Europe méridionale","664","Disponibilité alimentaire (Kcal/personne/jour)","S2909","Sucre & Edulcorants","2010","2010","Kcal/personne/jour","285","E","Valeur estimée"
"FBS","Bilans Alimentaires (2010-)","039","Europe méridionale","664","Disponibilité alimentaire (Kcal/personne/jour)","S2909","Sucre & Edulcorants","2020","2020","Kcal/personne/jour","305","E","Valeur estimée"
"FBS","Bilans Alimentaires (2010-)","039","Europe méridionale","664","Disponibilité alimentaire (Kcal/personne/jour)","S2911","Légumineuses Sèches","2010","2010","Kcal/personne/jour","49","E","Valeur estimée"
"FBS","Bilans Alimentaires (2010-)","039","Europe méridionale","664","Disponibilité alimentaire (Kcal/personne/jour)","S2911","Légumineuses Sèches","2020","2020","Kcal/personne/jour","54","E","Valeur estimée"
"FBS","Bilans Alimentaires (2010-)","039","Europe méridionale","664","Disponibilité alimentaire (Kcal/personne/jour)","S2912","Fruit Coque","2010","2010","Kcal/personne/jour","39","E","Valeur estimée"
"FBS","Bilans Alimentaires (2010-)","039","Europe méridionale","664","Disponibilité alimentaire (Kcal/personne/jour)","S2912","Fruit Coque","2020","2020","Kcal/personne/jour","56","E","Valeur estimée"
"FBS","Bilans Alimentaires (2010-)","039","Europe méridionale","664","Disponibilité alimentaire (Kcal/personne/jour)","S2913","Cultures Oleágineuses","2010","2010","Kcal/personne/jour","26","E","Valeur estimée"
"FBS","Bilans Alimentaires (2010-)","039","Europe méridionale","664","Disponibilité alimentaire (Kcal/personne/jour)","S2913","Cultures Oleágineuses","2020","2020","Kcal/personne/jour","32","E","Valeur estimée"
"FBS","Bilans Alimentaires (2010-)","039","Europe méridionale","664","Disponibilité alimentaire (Kcal/personne/jour)","S2914","Huiles végétales","2010","2010","Kcal/personne/jour","575","E","Valeur estimée"
"FBS","Bilans Alimentaires (2010-)","039","Europe méridionale","664","Disponibilité alimentaire (Kcal/personne/jour)","S2914","Huiles végétales","2020","2020","Kcal/personne/jour","618","E","Valeur estimée"
"FBS","Bilans Alimentaires (2010-)","039","Europe méridionale","664","Disponibilité alimentaire (Kcal/personne/jour)","S2918","Légumes","2010","2010","Kcal/personne/jour","101","E","Valeur estimée"
"FBS","Bilans Alimentaires (2010-)","039","Europe méridionale","664","Disponibilité alimentaire (Kcal/personne/jour)","S2918","Légumes","2020","2020","Kcal/personne/jour","80","E","Valeur estimée"
"FBS","Bilans Alimentaires (2010-)","039","Europe méridionale","664","Disponibilité alimentaire (Kcal/personne/jour)","S2919","Fruits - Excl Vin","2010","2010","Kcal/personne/jour","143","E","Valeur estimée"
"FBS","Bilans Alimentaires (2010-)","039","Europe méridionale","664","Disponibilité alimentaire (Kcal/personne/jour)","S2919","Fruits - Excl Vin","2020","2020","Kcal/personne/jour","152","E","Valeur estimée"
"FBS","Bilans Alimentaires (2010-)","039","Europe méridionale","664","Disponibilité alimentaire (Kcal/personne/jour)","S2922","Stimulants","2010","2010","Kcal/personne/jour","25","E","Valeur estimée"
"FBS","Bilans Alimentaires (2010-)","039","Europe méridionale","664","Disponibilité alimentaire (Kcal/personne/jour)","S2922","Stimulants","2020","2020","Kcal/personne/jour","24","E","Valeur estimée"
"FBS","Bilans Alimentaires (2010-)","039","Europe méridionale","664","Disponibilité alimentaire (Kcal/personne/jour)","S2923","Épices","2010","2010","Kcal/personne/jour","4","E","Valeur estimée"
"FBS","Bilans Alimentaires (2010-)","039","Europe méridionale","664","Disponibilité alimentaire (Kcal/personne/jour)","S2923","Épices","2020","2020","Kcal/personne/jour","4","E","Valeur estimée"
"FBS","Bilans Alimentaires (2010-)","039","Europe méridionale","664","Disponibilité alimentaire (Kcal/personne/jour)","S2924","Boissons Alcooliques","2010","2010","Kcal/personne/jour","137","E","Valeur estimée"
"FBS","Bilans Alimentaires (2010-)","039","Europe méridionale","664","Disponibilité alimentaire (Kcal/personne/jour)","S2924","Boissons Alcooliques","2020","2020","Kcal/personne/jour","145","E","Valeur estimée"
"FBS","Bilans Alimentaires (2010-)","039","Europe méridionale","664","Disponibilité alimentaire (Kcal/personne/jour)","S2943","Viande","2010","2010","Kcal/personne/jour","366","E","Valeur estimée"
"FBS","Bilans Alimentaires (2010-)","039","Europe méridionale","664","Disponibilité alimentaire (Kcal/personne/jour)","S2943","Viande","2020","2020","Kcal/personne/jour","340","E","Valeur estimée"
"FBS","Bilans Alimentaires (2010-)","039","Europe méridionale","664","Disponibilité alimentaire (Kcal/personne/jour)","S2945","Abats","2010","2010","Kcal/personne/jour","13","E","Valeur estimée"
"FBS","Bilans Alimentaires (2010-)","039","Europe méridionale","664","Disponibilité alimentaire (Kcal/personne/jour)","S2945","Abats","2020","2020","Kcal/personne/jour","10","E","Valeur estimée"
"FBS","Bilans Alimentaires (2010-)","039","Europe méridionale","664","Disponibilité alimentaire (Kcal/personne/jour)","S2946","Graisses animales","2010","2010","Kcal/personne/jour","109","E","Valeur estimée"
"FBS","Bilans Alimentaires (2010-)","039","Europe méridionale","664","Disponibilité alimentaire (Kcal/personne/jour)","S2946","Graisses animales","2020","2020","Kcal/personne/jour","108","E","Valeur estimée"
"FBS","Bilans Alimentaires (2010-)","039","Europe méridionale","664","Disponibilité alimentaire (Kcal/personne/jour)","S2949","Oeufs","2010","2010","Kcal/personne/jour","43","E","Valeur estimée"
"FBS","Bilans Alimentaires (2010-)","039","Europe méridionale","664","Disponibilité alimentaire (Kcal/personne/jour)","S2949","Oeufs","2020","2020","Kcal/personne/jour","46","E","Valeur estimée"
"FBS","Bilans Alimentaires (2010-)","039","Europe méridionale","664","Disponibilité alimentaire (Kcal/personne/jour)","S2948","Lait - Excl Beurre","2010","2010","Kcal/personne/jour","284","E","Valeur estimée"
"FBS","Bilans Alimentaires (2010-)","039","Europe méridionale","664","Disponibilité alimentaire (Kcal/personne/jour)","S2948","Lait - Excl Beurre","2020","2020","Kcal/personne/jour","310","E","Valeur estimée"
"FBS","Bilans Alimentaires (2010-)","039","Europe méridionale","664","Disponibilité alimentaire (Kcal/personne/jour)","S2960","Poisson & Fruits de Mer","2010","2010","Kcal/personne/jour","56","E","Valeur estimée"
"FBS","Bilans Alimentaires (2010-)","039","Europe méridionale","664","Disponibilité alimentaire (Kcal/personne/jour)","S2960","Poisson & Fruits de Mer","2020","2020","Kcal/personne/jour","62","E","Valeur estimée"
"FBS","Bilans Alimentaires (2010-)","039","Europe méridionale","664","Disponibilité alimentaire (Kcal/personne/jour)","S2961","Produits Aquatiques, Aut","2010","2010","Kcal/personne/jour","0","E","Valeur estimée"
"FBS","Bilans Alimentaires (2010-)","039","Europe méridionale","664","Disponibilité alimentaire (Kcal/personne/jour)","S2961","Produits Aquatiques, Aut","2020","2020","Kcal/personne/jour","0","E","Valeur estimée"
"FBS","Bilans Alimentaires (2010-)","039","Europe méridionale","664","Disponibilité alimentaire (Kcal/personne/jour)","S2928","Miscellanees","2010","2010","Kcal/personne/jour","6","E","Valeur estimée"
"FBS","Bilans Alimentaires (2010-)","039","Europe méridionale","664","Disponibilité alimentaire (Kcal/personne/jour)","S2928","Miscellanees","2020","2020","Kcal/personne/jour","4","E","Valeur estimée"
"FBS","Bilans Alimentaires (2010-)","155","Europe occidentale","664","Disponibilité alimentaire (Kcal/personne/jour)","S2901","Total General","2010","2010","Kcal/personne/jour","3505","E","Valeur estimée"
"FBS","Bilans Alimentaires (2010-)","155","Europe occidentale","664","Disponibilité alimentaire (Kcal/personne/jour)","S2901","Total General","2020","2020","Kcal/personne/jour","3592","E","Valeur estimée"
"FBS","Bilans Alimentaires (2010-)","155","Europe occidentale","664","Disponibilité alimentaire (Kcal/personne/jour)","S2903","Produits Vegetaux","2010","2010","Kcal/personne/jour","2374","E","Valeur estimée"
"FBS","Bilans Alimentaires (2010-)","155","Europe occidentale","664","Disponibilité alimentaire (Kcal/personne/jour)","S2903","Produits Vegetaux","2020","2020","Kcal/personne/jour","2392","E","Valeur estimée"
"FBS","Bilans Alimentaires (2010-)","155","Europe occidentale","664","Disponibilité alimentaire (Kcal/personne/jour)","S2941","Produits Animaux","2010","2010","Kcal/personne/jour","1130","E","Valeur estimée"
"FBS","Bilans Alimentaires (2010-)","155","Europe occidentale","664","Disponibilité alimentaire (Kcal/personne/jour)","S2941","Produits Animaux","2020","2020","Kcal/personne/jour","1201","E","Valeur estimée"
"FBS","Bilans Alimentaires (2010-)","155","Europe occidentale","664","Disponibilité alimentaire (Kcal/personne/jour)","S2905","Cèrèales - Excl Bière","2010","2010","Kcal/personne/jour","888","E","Valeur estimée"
"FBS","Bilans Alimentaires (2010-)","155","Europe occidentale","664","Disponibilité alimentaire (Kcal/personne/jour)","S2905","Cèrèales - Excl Bière","2020","2020","Kcal/personne/jour","882","E","Valeur estimée"
"FBS","Bilans Alimentaires (2010-)","155","Europe occidentale","664","Disponibilité alimentaire (Kcal/personne/jour)","S2907","Racines Amyl","2010","2010","Kcal/personne/jour","117","E","Valeur estimée"
"FBS","Bilans Alimentaires (2010-)","155","Europe occidentale","664","Disponibilité alimentaire (Kcal/personne/jour)","S2907","Racines Amyl","2020","2020","Kcal/personne/jour","118","E","Valeur estimée"
"FBS","Bilans Alimentaires (2010-)","155","Europe occidentale","664","Disponibilité alimentaire (Kcal/personne/jour)","S2908","Cultures Sucrieres","2010","2010","Kcal/personne/jour","0","E","Valeur estimée"
"FBS","Bilans Alimentaires (2010-)","155","Europe occidentale","664","Disponibilité alimentaire (Kcal/personne/jour)","S2908","Cultures Sucrieres","2020","2020","Kcal/personne/jour","0","E","Valeur estimée"
"FBS","Bilans Alimentaires (2010-)","155","Europe occidentale","664","Disponibilité alimentaire (Kcal/personne/jour)","S2909","Sucre & Edulcorants","2010","2010","Kcal/personne/jour","443","E","Valeur estimée"
"FBS","Bilans Alimentaires (2010-)","155","Europe occidentale","664","Disponibilité alimentaire (Kcal/personne/jour)","S2909","Sucre & Edulcorants","2020","2020","Kcal/personne/jour","408","E","Valeur estimée"
"FBS","Bilans Alimentaires (2010-)","155","Europe occidentale","664","Disponibilité alimentaire (Kcal/personne/jour)","S2911","Légumineuses Sèches","2010","2010","Kcal/personne/jour","12","E","Valeur estimée"
"FBS","Bilans Alimentaires (2010-)","155","Europe occidentale","664","Disponibilité alimentaire (Kcal/personne/jour)","S2911","Légumineuses Sèches","2020","2020","Kcal/personne/jour","13","E","Valeur estimée"
"FBS","Bilans Alimentaires (2010-)","155","Europe occidentale","664","Disponibilité alimentaire (Kcal/personne/jour)","S2912","Fruit Coque","2010","2010","Kcal/personne/jour","37","E","Valeur estimée"
"FBS","Bilans Alimentaires (2010-)","155","Europe occidentale","664","Disponibilité alimentaire (Kcal/personne/jour)","S2912","Fruit Coque","2020","2020","Kcal/personne/jour","49","E","Valeur estimée"
"FBS","Bilans Alimentaires (2010-)","155","Europe occidentale","664","Disponibilité alimentaire (Kcal/personne/jour)","S2913","Cultures Oleágineuses","2010","2010","Kcal/personne/jour","30","E","Valeur estimée"
"FBS","Bilans Alimentaires (2010-)","155","Europe occidentale","664","Disponibilité alimentaire (Kcal/personne/jour)","S2913","Cultures Oleágineuses","2020","2020","Kcal/personne/jour","35","E","Valeur estimée"
"FBS","Bilans Alimentaires (2010-)","155","Europe occidentale","664","Disponibilité alimentaire (Kcal/personne/jour)","S2914","Huiles végétales","2010","2010","Kcal/personne/jour","448","E","Valeur estimée"
"FBS","Bilans Alimentaires (2010-)","155","Europe occidentale","664","Disponibilité alimentaire (Kcal/personne/jour)","S2914","Huiles végétales","2020","2020","Kcal/personne/jour","471","E","Valeur estimée"
"FBS","Bilans Alimentaires (2010-)","155","Europe occidentale","664","Disponibilité alimentaire (Kcal/personne/jour)","S2918","Légumes","2010","2010","Kcal/personne/jour","73","E","Valeur estimée"
"FBS","Bilans Alimentaires (2010-)","155","Europe occidentale","664","Disponibilité alimentaire (Kcal/personne/jour)","S2918","Légumes","2020","2020","Kcal/personne/jour","75","E","Valeur estimée"
"FBS","Bilans Alimentaires (2010-)","155","Europe occidentale","664","Disponibilité alimentaire (Kcal/personne/jour)","S2919","Fruits - Excl Vin","2010","2010","Kcal/personne/jour","103","E","Valeur estimée"
"FBS","Bilans Alimentaires (2010-)","155","Europe occidentale","664","Disponibilité alimentaire (Kcal/personne/jour)","S2919","Fruits - Excl Vin","2020","2020","Kcal/personne/jour","127","E","Valeur estimée"
"FBS","Bilans Alimentaires (2010-)","155","Europe occidentale","664","Disponibilité alimentaire (Kcal/personne/jour)","S2922","Stimulants","2010","2010","Kcal/personne/jour","27","E","Valeur estimée"
"FBS","Bilans Alimentaires (2010-)","155","Europe occidentale","664","Disponibilité alimentaire (Kcal/personne/jour)","S2922","Stimulants","2020","2020","Kcal/personne/jour","27","E","Valeur estimée"
"FBS","Bilans Alimentaires (2010-)","155","Europe occidentale","664","Disponibilité alimentaire (Kcal/personne/jour)","S2923","Épices","2010","2010","Kcal/personne/jour","6","E","Valeur estimée"
"FBS","Bilans Alimentaires (2010-)","155","Europe occidentale","664","Disponibilité alimentaire (Kcal/personne/jour)","S2923","Épices","2020","2020","Kcal/personne/jour","8","E","Valeur estimée"
"FBS","Bilans Alimentaires (2010-)","155","Europe occidentale","664","Disponibilité alimentaire (Kcal/personne/jour)","S2924","Boissons Alcooliques","2010","2010","Kcal/personne/jour","188","E","Valeur estimée"
"FBS","Bilans Alimentaires (2010-)","155","Europe occidentale","664","Disponibilité alimentaire (Kcal/personne/jour)","S2924","Boissons Alcooliques","2020","2020","Kcal/personne/jour","176","E","Valeur estimée"
"FBS","Bilans Alimentaires (2010-)","155","Europe occidentale","664","Disponibilité alimentaire (Kcal/personne/jour)","S2943","Viande","2010","2010","Kcal/personne/jour","407","E","Valeur estimée"
"FBS","Bilans Alimentaires (2010-)","155","Europe occidentale","664","Disponibilité alimentaire (Kcal/personne/jour)","S2943","Viande","2020","2020","Kcal/personne/jour","353","E","Valeur estimée"
"FBS","Bilans Alimentaires (2010-)","155","Europe occidentale","664","Disponibilité alimentaire (Kcal/personne/jour)","S2945","Abats","2010","2010","Kcal/personne/jour","10","E","Valeur estimée"
"FBS","Bilans Alimentaires (2010-)","155","Europe occidentale","664","Disponibilité alimentaire (Kcal/personne/jour)","S2945","Abats","2020","2020","Kcal/personne/jour","11","E","Valeur estimée"
"FBS","Bilans Alimentaires (2010-)","155","Europe occidentale","664","Disponibilité alimentaire (Kcal/personne/jour)","S2946","Graisses animales","2010","2010","Kcal/personne/jour","271","E","Valeur estimée"
"FBS","Bilans Alimentaires (2010-)","155","Europe occidentale","664","Disponibilité alimentaire (Kcal/personne/jour)","S2946","Graisses animales","2020","2020","Kcal/personne/jour","287","E","Valeur estimée"
"FBS","Bilans Alimentaires (2010-)","155","Europe occidentale","664","Disponibilité alimentaire (Kcal/personne/jour)","S2949","Oeufs","2010","2010","Kcal/personne/jour","49","E","Valeur estimée"
"FBS","Bilans Alimentaires (2010-)","155","Europe occidentale","664","Disponibilité alimentaire (Kcal/personne/jour)","S2949","Oeufs","2020","2020","Kcal/personne/jour","59","E","Valeur estimée"
"FBS","Bilans Alimentaires (2010-)","155","Europe occidentale","664","Disponibilité alimentaire (Kcal/personne/jour)","S2948","Lait - Excl Beurre","2010","2010","Kcal/personne/jour","345","E","Valeur estimée"
"FBS","Bilans Alimentaires (2010-)","155","Europe occidentale","664","Disponibilité alimentaire (Kcal/personne/jour)","S2948","Lait - Excl Beurre","2020","2020","Kcal/personne/jour","446","E","Valeur estimée"
"FBS","Bilans Alimentaires (2010-)","155","Europe occidentale","664","Disponibilité alimentaire (Kcal/personne/jour)","S2960","Poisson & Fruits de Mer","2010","2010","Kcal/personne/jour","48","E","Valeur estimée"
"FBS","Bilans Alimentaires (2010-)","155","Europe occidentale","664","Disponibilité alimentaire (Kcal/personne/jour)","S2960","Poisson & Fruits de Mer","2020","2020","Kcal/personne/jour","46","E","Valeur estimée"
"FBS","Bilans Alimentaires (2010-)","155","Europe occidentale","664","Disponibilité alimentaire (Kcal/personne/jour)","S2961","Produits Aquatiques, Aut","2010","2010","Kcal/personne/jour","0","E","Valeur estimée"
"FBS","Bilans Alimentaires (2010-)","155","Europe occidentale","664","Disponibilité alimentaire (Kcal/personne/jour)","S2961","Produits Aquatiques, Aut","2020","2020","Kcal/personne/jour","0","E","Valeur estimée"
"FBS","Bilans Alimentaires (2010-)","155","Europe occidentale","664","Disponibilité alimentaire (Kcal/personne/jour)","S2928","Miscellanees","2010","2010","Kcal/personne/jour","2","E","Valeur estimée"
"FBS","Bilans Alimentaires (2010-)","155","Europe occidentale","664","Disponibilité alimentaire (Kcal/personne/jour)","S2928","Miscellanees","2020","2020","Kcal/personne/jour","1","E","Valeur estimée"
